-- phpMyAdmin SQL Dump
-- version 5.2.0
-- https://www.phpmyadmin.net/
--
-- Servidor: 127.0.0.1
-- Tiempo de generación: 18-10-2022 a las 00:28:01
-- Versión del servidor: 10.4.24-MariaDB
-- Versión de PHP: 8.1.6

SET SQL_MODE = "NO_AUTO_VALUE_ON_ZERO";
START TRANSACTION;
SET time_zone = "+00:00";


/*!40101 SET @OLD_CHARACTER_SET_CLIENT=@@CHARACTER_SET_CLIENT */;
/*!40101 SET @OLD_CHARACTER_SET_RESULTS=@@CHARACTER_SET_RESULTS */;
/*!40101 SET @OLD_COLLATION_CONNECTION=@@COLLATION_CONNECTION */;
/*!40101 SET NAMES utf8mb4 */;

--
-- Base de datos: `db_qr_app`
--
CREATE DATABASE IF NOT EXISTS `db_qr_app` DEFAULT CHARACTER SET utf8mb4 COLLATE utf8mb4_general_ci;
USE `db_qr_app`;

-- --------------------------------------------------------

--
-- Estructura de tabla para la tabla `asignatura`
--

CREATE TABLE `asignatura` (
  `nombre` varchar(100) NOT NULL,
  `id_asig` int(11) NOT NULL,
  `run` int(11) DEFAULT NULL
) ENGINE=InnoDB DEFAULT CHARSET=utf8mb4;

--
-- Volcado de datos para la tabla `asignatura`
--

INSERT INTO `asignatura` (`nombre`, `id_asig`, `run`) VALUES
('ESTADISTICA DESCRIPTIVA', 1, 22222222),
('PROGRAMACION DE APLICACIONES MOVILES', 2, 11111111),
('MATEMATICA APLICADA', 3, 22222222),
('PROGRAMACION WEB', 4, 11111111);

-- --------------------------------------------------------

--
-- Estructura de tabla para la tabla `asistencia`
--

CREATE TABLE `asistencia` (
  `id_asis` int(11) NOT NULL,
  `run` int(11) DEFAULT NULL,
  `id_jornada` int(11) DEFAULT NULL,
  `id_seccion` int(11) DEFAULT NULL,
  `asistencia` tinyint(1) NOT NULL
) ENGINE=InnoDB DEFAULT CHARSET=utf8mb4;

--
-- Volcado de datos para la tabla `asistencia`
--

INSERT INTO `asistencia` (`id_asis`, `run`, `id_jornada`, `id_seccion`, `asistencia`) VALUES
(1, 20906454, 1, 1, 0),
(2, 20906454, 2, 2, 0),
(4, 20906454, 3, 3, 0),
(5, 20906454, 4, 4, 0),
(6, 20906454, 5, 5, 0),
(7, 20906454, 6, 6, 0),
(8, 20906454, 7, 7, 0),
(9, 20906454, 8, 8, 0),
(10, 21189889, 1, 1, 0),
(11, 21189889, 2, 2, 0),
(12, 21189889, 3, 3, 0),
(13, 21189889, 4, 4, 0),
(14, 21189889, 5, 5, 0),
(15, 21189889, 6, 6, 0),
(16, 21189889, 7, 7, 0),
(17, 21189889, 8, 8, 0);

-- --------------------------------------------------------

--
-- Estructura de tabla para la tabla `auth_group`
--

CREATE TABLE `auth_group` (
  `id` int(11) NOT NULL,
  `name` varchar(150) NOT NULL
) ENGINE=InnoDB DEFAULT CHARSET=utf8mb4;

-- --------------------------------------------------------

--
-- Estructura de tabla para la tabla `auth_group_permissions`
--

CREATE TABLE `auth_group_permissions` (
  `id` bigint(20) NOT NULL,
  `group_id` int(11) NOT NULL,
  `permission_id` int(11) NOT NULL
) ENGINE=InnoDB DEFAULT CHARSET=utf8mb4;

-- --------------------------------------------------------

--
-- Estructura de tabla para la tabla `auth_permission`
--

CREATE TABLE `auth_permission` (
  `id` int(11) NOT NULL,
  `name` varchar(255) NOT NULL,
  `content_type_id` int(11) NOT NULL,
  `codename` varchar(100) NOT NULL
) ENGINE=InnoDB DEFAULT CHARSET=utf8mb4;

--
-- Volcado de datos para la tabla `auth_permission`
--

INSERT INTO `auth_permission` (`id`, `name`, `content_type_id`, `codename`) VALUES
(1, 'Can add log entry', 1, 'add_logentry'),
(2, 'Can change log entry', 1, 'change_logentry'),
(3, 'Can delete log entry', 1, 'delete_logentry'),
(4, 'Can view log entry', 1, 'view_logentry'),
(5, 'Can add permission', 2, 'add_permission'),
(6, 'Can change permission', 2, 'change_permission'),
(7, 'Can delete permission', 2, 'delete_permission'),
(8, 'Can view permission', 2, 'view_permission'),
(9, 'Can add group', 3, 'add_group'),
(10, 'Can change group', 3, 'change_group'),
(11, 'Can delete group', 3, 'delete_group'),
(12, 'Can view group', 3, 'view_group'),
(13, 'Can add user', 4, 'add_user'),
(14, 'Can change user', 4, 'change_user'),
(15, 'Can delete user', 4, 'delete_user'),
(16, 'Can view user', 4, 'view_user'),
(17, 'Can add content type', 5, 'add_contenttype'),
(18, 'Can change content type', 5, 'change_contenttype'),
(19, 'Can delete content type', 5, 'delete_contenttype'),
(20, 'Can view content type', 5, 'view_contenttype'),
(21, 'Can add session', 6, 'add_session'),
(22, 'Can change session', 6, 'change_session'),
(23, 'Can delete session', 6, 'delete_session'),
(24, 'Can view session', 6, 'view_session'),
(25, 'Can add asignatura', 7, 'add_asignatura'),
(26, 'Can change asignatura', 7, 'change_asignatura'),
(27, 'Can delete asignatura', 7, 'delete_asignatura'),
(28, 'Can view asignatura', 7, 'view_asignatura'),
(29, 'Can add curso', 8, 'add_curso'),
(30, 'Can change curso', 8, 'change_curso'),
(31, 'Can delete curso', 8, 'delete_curso'),
(32, 'Can view curso', 8, 'view_curso'),
(33, 'Can add estudiante', 9, 'add_estudiante'),
(34, 'Can change estudiante', 9, 'change_estudiante'),
(35, 'Can delete estudiante', 9, 'delete_estudiante'),
(36, 'Can view estudiante', 9, 'view_estudiante'),
(37, 'Can add profesor', 10, 'add_profesor'),
(38, 'Can change profesor', 10, 'change_profesor'),
(39, 'Can delete profesor', 10, 'delete_profesor'),
(40, 'Can view profesor', 10, 'view_profesor'),
(41, 'Can add tipo user', 11, 'add_tipouser'),
(42, 'Can change tipo user', 11, 'change_tipouser'),
(43, 'Can delete tipo user', 11, 'delete_tipouser'),
(44, 'Can view tipo user', 11, 'view_tipouser');

-- --------------------------------------------------------

--
-- Estructura de tabla para la tabla `auth_user`
--

CREATE TABLE `auth_user` (
  `id` int(11) NOT NULL,
  `password` varchar(128) NOT NULL,
  `last_login` datetime(6) DEFAULT NULL,
  `is_superuser` tinyint(1) NOT NULL,
  `username` varchar(150) NOT NULL,
  `first_name` varchar(150) NOT NULL,
  `last_name` varchar(150) NOT NULL,
  `email` varchar(254) NOT NULL,
  `is_staff` tinyint(1) NOT NULL,
  `is_active` tinyint(1) NOT NULL,
  `date_joined` datetime(6) NOT NULL
) ENGINE=InnoDB DEFAULT CHARSET=utf8mb4;

-- --------------------------------------------------------

--
-- Estructura de tabla para la tabla `auth_user_groups`
--

CREATE TABLE `auth_user_groups` (
  `id` bigint(20) NOT NULL,
  `user_id` int(11) NOT NULL,
  `group_id` int(11) NOT NULL
) ENGINE=InnoDB DEFAULT CHARSET=utf8mb4;

-- --------------------------------------------------------

--
-- Estructura de tabla para la tabla `auth_user_user_permissions`
--

CREATE TABLE `auth_user_user_permissions` (
  `id` bigint(20) NOT NULL,
  `user_id` int(11) NOT NULL,
  `permission_id` int(11) NOT NULL
) ENGINE=InnoDB DEFAULT CHARSET=utf8mb4;

-- --------------------------------------------------------

--
-- Estructura de tabla para la tabla `django_admin_log`
--

CREATE TABLE `django_admin_log` (
  `id` int(11) NOT NULL,
  `action_time` datetime(6) NOT NULL,
  `object_id` longtext DEFAULT NULL,
  `object_repr` varchar(200) NOT NULL,
  `action_flag` smallint(5) UNSIGNED NOT NULL CHECK (`action_flag` >= 0),
  `change_message` longtext NOT NULL,
  `content_type_id` int(11) DEFAULT NULL,
  `user_id` int(11) NOT NULL
) ENGINE=InnoDB DEFAULT CHARSET=utf8mb4;

-- --------------------------------------------------------

--
-- Estructura de tabla para la tabla `django_content_type`
--

CREATE TABLE `django_content_type` (
  `id` int(11) NOT NULL,
  `app_label` varchar(100) NOT NULL,
  `model` varchar(100) NOT NULL
) ENGINE=InnoDB DEFAULT CHARSET=utf8mb4;

--
-- Volcado de datos para la tabla `django_content_type`
--

INSERT INTO `django_content_type` (`id`, `app_label`, `model`) VALUES
(1, 'admin', 'logentry'),
(7, 'API', 'asignatura'),
(8, 'API', 'curso'),
(9, 'API', 'estudiante'),
(10, 'API', 'profesor'),
(11, 'API', 'tipouser'),
(3, 'auth', 'group'),
(2, 'auth', 'permission'),
(4, 'auth', 'user'),
(5, 'contenttypes', 'contenttype'),
(6, 'sessions', 'session');

-- --------------------------------------------------------

--
-- Estructura de tabla para la tabla `django_migrations`
--

CREATE TABLE `django_migrations` (
  `id` bigint(20) NOT NULL,
  `app` varchar(255) NOT NULL,
  `name` varchar(255) NOT NULL,
  `applied` datetime(6) NOT NULL
) ENGINE=InnoDB DEFAULT CHARSET=utf8mb4;

--
-- Volcado de datos para la tabla `django_migrations`
--

INSERT INTO `django_migrations` (`id`, `app`, `name`, `applied`) VALUES
(1, 'contenttypes', '0001_initial', '2022-10-01 02:11:56.944689'),
(2, 'auth', '0001_initial', '2022-10-01 02:11:57.201878'),
(3, 'admin', '0001_initial', '2022-10-01 02:11:57.267017'),
(4, 'admin', '0002_logentry_remove_auto_add', '2022-10-01 02:11:57.272005'),
(5, 'admin', '0003_logentry_add_action_flag_choices', '2022-10-01 02:11:57.278304'),
(6, 'contenttypes', '0002_remove_content_type_name', '2022-10-01 02:11:57.321583'),
(7, 'auth', '0002_alter_permission_name_max_length', '2022-10-01 02:11:57.350781'),
(8, 'auth', '0003_alter_user_email_max_length', '2022-10-01 02:11:57.367594'),
(9, 'auth', '0004_alter_user_username_opts', '2022-10-01 02:11:57.375073'),
(10, 'auth', '0005_alter_user_last_login_null', '2022-10-01 02:11:57.406391'),
(11, 'auth', '0006_require_contenttypes_0002', '2022-10-01 02:11:57.408384'),
(12, 'auth', '0007_alter_validators_add_error_messages', '2022-10-01 02:11:57.413368'),
(13, 'auth', '0008_alter_user_username_max_length', '2022-10-01 02:11:57.427804'),
(14, 'auth', '0009_alter_user_last_name_max_length', '2022-10-01 02:11:57.438861'),
(15, 'auth', '0010_alter_group_name_max_length', '2022-10-01 02:11:57.452739'),
(16, 'auth', '0011_update_proxy_permissions', '2022-10-01 02:11:57.458719'),
(17, 'auth', '0012_alter_user_first_name_max_length', '2022-10-01 02:11:57.470668'),
(18, 'sessions', '0001_initial', '2022-10-01 02:11:57.491626'),
(19, 'API', '0001_initial', '2022-10-12 01:25:51.029475');

-- --------------------------------------------------------

--
-- Estructura de tabla para la tabla `django_session`
--

CREATE TABLE `django_session` (
  `session_key` varchar(40) NOT NULL,
  `session_data` longtext NOT NULL,
  `expire_date` datetime(6) NOT NULL
) ENGINE=InnoDB DEFAULT CHARSET=utf8mb4;

-- --------------------------------------------------------

--
-- Estructura de tabla para la tabla `jornada`
--

CREATE TABLE `jornada` (
  `id_jornada` int(11) NOT NULL,
  `sigla` varchar(8) NOT NULL,
  `jornada` varchar(10) NOT NULL,
  `id_asig` int(11) DEFAULT NULL
) ENGINE=InnoDB DEFAULT CHARSET=utf8mb4;

--
-- Volcado de datos para la tabla `jornada`
--

INSERT INTO `jornada` (`id_jornada`, `sigla`, `jornada`, `id_asig`) VALUES
(1, 'MAT4140', 'DIURNO', 1),
(2, 'MATE4142', 'VESPERTINO', 3),
(3, 'PGY4121', 'DIURNO', 2),
(4, 'WEB4252', 'VESPERTINO', 4),
(5, 'MATA4141', 'VESPERTINO', 1),
(6, 'MATE4242', 'DIURNO', 3),
(7, 'PGY4242', 'VESPERTINO', 2),
(8, 'WEB4353', 'DIURNO', 4);

-- --------------------------------------------------------

--
-- Estructura de tabla para la tabla `secciones`
--

CREATE TABLE `secciones` (
  `id_seccion` int(11) NOT NULL,
  `seccion` varchar(6) NOT NULL,
  `id_jornada` int(11) DEFAULT NULL
) ENGINE=InnoDB DEFAULT CHARSET=utf8mb4;

--
-- Volcado de datos para la tabla `secciones`
--

INSERT INTO `secciones` (`id_seccion`, `seccion`, `id_jornada`) VALUES
(1, '002D', 1),
(2, '004V', 2),
(3, '003D', 3),
(4, '004V', 4),
(5, '013V', 5),
(6, '085D', 6),
(7, '101V', 7),
(8, '099D', 8);

-- --------------------------------------------------------

--
-- Estructura de tabla para la tabla `tipo_user`
--

CREATE TABLE `tipo_user` (
  `id_tipo` int(11) NOT NULL,
  `tipo` varchar(30) NOT NULL
) ENGINE=InnoDB DEFAULT CHARSET=utf8mb4;

--
-- Volcado de datos para la tabla `tipo_user`
--

INSERT INTO `tipo_user` (`id_tipo`, `tipo`) VALUES
(1, 'Admin'),
(2, 'Alumno'),
(3, 'Profesor');

-- --------------------------------------------------------

--
-- Estructura de tabla para la tabla `usuario`
--

CREATE TABLE `usuario` (
  `run` int(11) NOT NULL,
  `dv` varchar(1) NOT NULL,
  `nombre` varchar(30) NOT NULL,
  `appaterno` varchar(30) NOT NULL,
  `apmaterno` varchar(30) NOT NULL,
  `user` varchar(30) NOT NULL,
  `contrasena` varchar(30) NOT NULL,
  `id_tipo` int(11) DEFAULT NULL,
  `perfil` mediumblob NOT NULL
) ENGINE=InnoDB DEFAULT CHARSET=utf8mb4;

--
-- Volcado de datos para la tabla `usuario`
--

INSERT INTO `usuario` (`run`, `dv`, `nombre`, `appaterno`, `apmaterno`, `user`, `contrasena`, `id_tipo`, `perfil`) VALUES
(11111111, '1', 'FREDDY', 'CAMPOS', 'ORELLANA', 'fre.camposo', '11111111', 3, 0xffd8ffdb008400080606070605080707070909080a0c140d0c0b0b0c1912130f141d1a1f1e1d1a1c1c20242e2720222c231c1c2837292c30313434341f27393d38323c2e333432010909090c0b0c180d0d1832211c213232323232323232323232323232323232323232323232323232323232323232323232323232323232323232323232323232ffc0001108010e010e03012200021101031101ffc401a20000010501010101010100000000000000000102030405060708090a0b100002010303020403050504040000017d01020300041105122131410613516107227114328191a1082342b1c11552d1f02433627282090a161718191a25262728292a3435363738393a434445464748494a535455565758595a636465666768696a737475767778797a838485868788898a92939495969798999aa2a3a4a5a6a7a8a9aab2b3b4b5b6b7b8b9bac2c3c4c5c6c7c8c9cad2d3d4d5d6d7d8d9dae1e2e3e4e5e6e7e8e9eaf1f2f3f4f5f6f7f8f9fa0100030101010101010101010000000000000102030405060708090a0b1100020102040403040705040400010277000102031104052131061241510761711322328108144291a1b1c109233352f0156272d10a162434e125f11718191a262728292a35363738393a434445464748494a535455565758595a636465666768696a737475767778797a82838485868788898a92939495969798999aa2a3a4a5a6a7a8a9aab2b3b4b5b6b7b8b9bac2c3c4c5c6c7c8c9cad2d3d4d5d6d7d8d9dae2e3e4e5e6e7e8e9eaf2f3f4f5f6f7f8f9faffda000c03010002110311003f00d461f350294fe5df1415af4373c44c51b157f4c537fc8a7edfff0059a72a7ff58d2e51dc605f9bfafad2e2941fe74e0bff00d6a394498cc7f2a7d201fca9688a10ddbffeba31bbd69e7ffd546298ee342f4a6aecf9bd3a54a53f97ad376ff9f7a7161b8d31d26da703f9fbd291fcf939a5260c6009ff00ea1cd00fcdfcb8a77f17dfcf1c002a19a68edd77dccf1c2add1a57551fad4dca8a27213ffd540fee73b97a8358971e2cd16de4557d56073d00841949ff00be7354dfc73a4afcaa972dce01581866a7997734509f63ab4dfc3ff23522b7cbdff1ae417c77a57dc68af139c0636e4d5c87c63a1347ff00210f29b8e26474c7e6314392ee3709f63a40ff00edd3814aa3697f697abfe897705c75398a50dfcaa7ddf37f2c1e0d28cbcc8d56e5bf313fc8a4f31376ff00d31d6aaeff009beffdde0e0d1967cfcfc678ec6a8772e6ff00e54d32d576936e3e98a50ffe3599572ceffe5409bf9d560efc7e746ffe5d6834b9704ffedd3bed3fdd7aa487f0f7a5c516173173ed1f2ff3349e7fcbbb7fb555c51bbfce73458398b26e3fbdebc734d32fcdebc75a8314fc2d161dd94084e3e9c669d8a7909bbeefcbd8d30af4f5f4cd6eac70c44c6ffe74a052e762fe947f9e94ca1427fdf5e8075a02ff00faa9cbfe45047ffaa95c571a7faf4a5f93f87f2a728ffebd281fe140c8dffaf029df97f85284f9bfc8a77f09faf4e952d85c6e3a7f8526df97b75c039e951dd5d47656f24f348b144ab976720015c3ea9e2cbbbd99a3d2905bdae706e5d4166f755fea6a5d5491b52a329ec757a96ada7e951efbeb9588b0f9635f999be83ad73175e35bb959934fb1589738592e8e495ff747f8d606cff4879257696763832bb6e63f8d1f27f422b9a75efb1e852c1ad398b173ab6af7527eff0057b8c64e160022007e1cfeb5405b41e779922f9af9c97918b367f1ab1fe34638ac1cdf53ae3420b64315367ddc0feee0019a76d5ff00eb83d29c3fcf1498f99aa79cd3912d90d23ebf8d46c9bdbe6f9bd011c54c3fad35a8e790f913dd159aca06f9bcb0af8e194ed61f8d5fb2d5b57d3d8f937cef1ae311dce64047d7ad423fa714a03edf7c739a71aad194b0f091d55878e2da5c47a9db7d9246600c8bf3447f1edf8d756851943ab868d9432b2904115e52ca9b7670db863046715634cd4efb429b7da3f9b6d9cb5b393b4afb7a7f2ade15fb9c35b0b6d627a7b2ff00779e29c47cabbbd3a0acfd235ab4d62dcc96ce72b80d1b295656f715a1b1ddbe5fc79aea8da4715dc580ff0039a07ffae9767cdfe14c3ffeba6e2839870fbbfd71d29f9a8bfcf140dfff00d7a5a0c949ff006fbd2ff9cd427fc8a523f8f7e39e94c64a07fb7454207f9c5397afaf1e950c9e6061f35215ff00119a90f5fc718f5a0aff00b1fe15adce788cd9bfe941ff0067f2a94afcb48a9fdea686c60ff269c17f83fbbdfd69e1529b8a02311147ff00aa8c7f3cd3b1ff00d7f7a3fddfc6900d3fe7159dac6b569a3db89267dccc708839666a9b51bc8f4db396f277c471a963cf535e2babf892e750d424bce04ad9546c708bed585595b63a6852beacd9d67c40f7b7027d4a40021262b65625507b8ee7deb9ebad7e7958a42815718dcdc93596cccedbd9f258e493c9a61e95ccd5f53be32e5d89def2e5dbe69e4fa86c735bba05d492ac8923960b8dac7920d737f36e1fa0aebb47b3fb259abb7de61b8fd2a19bd26dee5f01377ff5a8340f9bfa507fc8a86758dcd27f1d3bff00d6734806ff009e90098f9a83b3fc8a76de9f91a42280007e5fe4694fddfeb46da0afcb482c37ff0042a4ff003914ea690fbbfde1de9f312e37086e2e74fbc5beb36c4d1919539c4abe86bd3f45d520d6b4f8eee0c2eee1d320956f4af2f2985f7eb907bd69786b576d135a8919b16974c165527015bb1aeaa33b1e7e230eb747a734749e5ffb1fa55efb3ff2c83d09a6187fbc2bab98e0e52a14ff0062809567cbddf9534c7b28e602b14a409f2d58d946ca4e404012831f5edcfa55803e5a6ec7ff002680e5431d7e6fc718a5dbd3f953c8a43ffeaabb9cc84dbffeba4fff00553a9fda9ee3b1105a5db520fafe940fad1a00c65f97fa5340f94fe42a523afe754355bc5d374db9be671fba42df31c026a24ec8b8c798f34f893ae79d70ba5c127eee319931ddabcf0b55ad42f24bdbe96e646f9a462c73daab572c9ea7a104a31b0829b4fa07cedb3df00fbd4b65c0bfa3d8fdaef376dcc6a72d8f5aeb9bb7d381e82aa69568969663e4fde30dc49ef570edfbdf901583676d28d909fe78a69d9f8fa538f46edc629628649e366b68249bcb04b0404802a1c923648ad73711dbfdecb33101557924d6b43a479f66b3db6a167733ed2cd668c56551ed9fbd57348f006ad7be5dddc3dbdaf9c0140e4b322fd3d6ba387e1e58a2c4d777d732c91b060d1e23018566eaa2f919c111f37e38c9e306902a6efbe1bd769cd7a4d8782f4ab49aefed3025dc724a658da724b2e7b1ada874db1b75d9058db22f380235c8a9f6ebb15c878e0757fbb9f94e0e14d233aa7de6c76f9862bdabc883fe7845e83e41cd31ecada55d8d676edb8e0ee881e28f6fe42e53c6e085eefed0913c616188cb248c7e545ed9fa9ace26e6dfc869f0773157656c8e7a715ec49a1db3adcdb49a7dbad94d3195c2a80261fc0a40ec393595aafc3ed36ee364b1924b59739da49653f876a6aac49706700427dc5fe1e327a91514d1f9b0ba7f786011d8d37c41a26bbe1fbf6b99632d6b9c0743b948f7f4a6db5e25d42af1707ba8ec6b78cb6b18c95d347aef82b55fed8f0edbbb3969e11e54a58e49615d0fd9ff009f5af36f8697cf6fab5fe9acff0024ca278d48e0b0e0ff003af525295d9191e5ce366ca86db7d0d65ffebabe9b69fb52973916b9962c73fe1486c6b5d1129e5129f394a9a31fec5fe714a34fad7d828ca2fa53e72bd923953fe40a53d2948a31c5741e644663ff00d74fc52669f8f96acbb08168029db68c52d83423ff0026b82f89ba8fd9f498ed15fe6b86cb0f5515de9fff00562bc7fe27ddf9bae4506eff0053180063a1ac6ab36a2b53833f7bfc680290d3c0fe55cd73b6218e2ae6956df68d4a246e99dc47b554ed57b4ebe4b29a493ab6d21323bd4c8b81d0df6a705932a7de93f8554f22ae445e658fe4cc9260aa81c9ae5b4fb1bbd6f52558d0b4acc092470bf5af50b1d3ac7c3f6ff69bb913ccc61a563c0fa572ce6969d4f468c79b5e854b2f0cbb624d4dfe5e0ac087008ff68d77fa469b05be97e42c0ab1c872caa3195ac1d1adf59f1132c9a55888ad37126e2eb72ab2ff00b23a9af42b4f0e5d797b6f750dfc00ab146aaa2b979272dce894e947666695d9ecaa3007a0a6b1f9bf0e2b4e7f0d4fb7fd1b53941e005951581f6aca65b9b4b8582ee358a56e1194ee57fa1a1d26898d58b148e9d3e87a1aa915ec6f3c96ccfb2553954638dc3daae1f97f97239a82e6dadae155278d251d42b0e4566cb193dc47691f9972e225ec1b824d4769e7cb74d753e62836ed893bb7fb469f0e9d696f2091605dea72aec4b11f9d4e268e5664570c548dc01c90d422c919fe5f97f0c564ddeb9a7d95c34124ecd3a920c51217607e82997f717771751e8da427fc4c665dcd237ddb78ba163efe95d9f877c3ba7e8103c50c799db0d34ee01791bd49ada34afbb39e75544e42df56d2b57df62b22b4aca55ede742ac57fdd35e6be31f097fc239791ea5a7ee1692361d3aec6af6bf19785e3d6ec7cfb64116a56ff003c13a8c3023b7b8ae5ada75f11f846479a35f3f6b472a9eaac2ad5e9b5666516a573cffc353c96fe2ed1e45703cc7311278055857b58fbbfed724fbd782dbc8d6f75613f23c9ba52067900357bc44fbd55f7fde50c3e95e95277479d885a928f969c1cd31bfa5157ca61126f369a65a8c8a509bfb52e5450be6bd372f4ff002a8f296972a17bc61b2ff85013fc69cd480f5aec6704524376d3a807fef9a36ff8e690ee21e94ec518a01f9b650491b0af08f1f3b3f8b2f57ef10c14f3d2bdc4de5a6e29f698b39c60b2839af09f1a9ff8aaafff00eba1ef9ae7a8fcceba08e708a933499a5c56173a4077a92dade4b89e38234dcecdb540e73518aef7e1e68ab2b4ba94a9b82b15881e81bb9acea4ac8e8a34f999b565696de0fd0ccf2a06b861c903e666fee8aebfc19e04b8d6e68f5ef1321218eeb6b227e555f56f5aa9e16d1a3f1478dae24b9f9ac3492aaaa4e43ca6bd882ec8f62e02e3000e302b18c7abdce89d4b7ba86848e28c47120555180aa0000547717705a47be470ab9c0c9e49a86fef52cadde46cb2a8c051c963e950d959bbb0bbd430d3b72a9fc31afa0aa6cc2e02eae6766f2ec5f6a904348e1723e959dacc29a858cf69a846f0231c477319dc226ecdfece0d743bbf2cf7eb51488ad1b26ddcac0ab29e770a9b8d3ec79c689a8cf3fda6c350c7f6858b88e43d3cc5ecdf8d5cbcb2799a39e09fc99e31f2b15dcb8f422a292dac6d3c5d7b02c6a2ee1850ab1620b447b7be2b401e3fc6b8e6f53d0a52bc519a7fb5a55d9b2ce26c60ca033647ae2a786dd34fb376dfbb6ee96573c191bd4d5aaced6927bbb35b1b67db3dec8b6e841c100f53f96688eacb9be54cbbe11d35ef6ce5d43732b5d39796e14e19d7a0453d940feb5d4ff65da6ed8b1956db90ea58106a7b4b4834db186c6d902c112aaa003b564f897c4da6f866cdeef50b9d9f2e5235c1673ec2bba2b4479b2936d97edaee48ae1ac677df22a8747e8596b82bd5b6d13c47ad40d3a416d74a2e41638556e86b95d03e22ea1e20f89d6d3ec58ad6446b75841c855edf8d767e39d2b4db8f1368d3ea1feaf631099606461d063bd4c9772e93b347924f079ccc903afcd38da58601f9abd9ddf50d1fcbfed3b68fecdb5545dc0c4aaf1fc43a8fad793ba47fdb9246bf2ab5e850076cb57d14c915c5bb2489ba365219587de535ad39db422b42f7ee73e1d5d55d5c32b0c820e7229c8eb597a7c0f6a2f2c37330b2b868a32c493e5755fe7570b575c753cf7a1677a52ab555de28f3453e561cc5cdf417aaa1cd2198d4f287314193e5a40bff00eaa7b9a2bb1e8700c3fe451dbda8c7cd4e239a963b0dfe2fd054363a749addf4be66e8b4db70159558ab4efdc67fba3daa70bfcb03eb57fc2ce8de1f8f6ffcf694b6d3d5b773fd2b96b49a3ab0f4a2ddd97534fb486dcc715a42917042841806bc0be2be811e99e2669eda011417282450a300b77afa1c77ff003c57957c6abcb44d2ecacd90b5db3332b0230ab5c919773bdc525a23c3d4518a4e68e6b422c28af5ff000627d93c2d03f43869091d4fcd5e3eabf357a868d6f6d77e18b7917507b39618995e4470bf2fa1f5ac2a74d4ecc3f53d1be0ea23786ef6e7fe5a5c5ec8c588ea3762bd1cff00b3f4c9af39f82b246fe09f295c968ee2456607209cd7a338755f97d739269fa194b732bfe3f75a28ff00eaacd41c1e4339ad06915559d9d5554125988000af1ed53e2749e0ff00196b96d7363f6c8e5954aec97695c0f5c735e75e31f891adf8b64f2e465b5d3d4e56d6263b41f563fc46aa31ee41ee7aafc50f09693318e4d544f2ae432db29700fd7a7eb5cb6a1f1e34948a44b1d2aeee1ff80caca8a4fbf5af042777b9cfe7481fe6a7ca82e7a2f873c53a87883e218d42f5ff007b70a576a8215547415ec22bc23e1fff00c8dd67f7bf889dbd6bde59d1577b3e1719c9ae2ad65247a187d861a8ad9a37f1468d1b6301a56539e842f154a5d6ad91f62ee6e70594f15c7fc41d567d3ffb1f55d3270b35bce58301c06c77a9a5ab2eb5f94f56f16f89ed3c2fa0cfa95cfcdb4958a3270646f4af97bc45e22bff00136ad35f6a1399599b08a4e02af602ac78a3c63acf8b6f167d4e70638c62385576a21f615818f9b7ff000e791eb5e84558f2d9b5e107783c5da5cab91fe90a18a9e8b5f516b96903c305f32032c408466e7008af993c1b0f9de30d25366e1f680587a8afa6fc40e89a7aa2fa1241e3158d591b52bdd1e2168bbbc496ff0022fcda82ee55e87e6afa2fe4f2d9fa6d0460f402bc07c2b17dafc69a5a2fddfb434ac48c80066bdf24891e17464f95970c338c8a21d02a6e7136d2f9b7daa5defcc1717056063dd578cfd2a70ffceaa476cfa55f4fa436596dc092076e43447a0fa8e953a9ebbb1e8315e84363cd97c4c937500d301a01ad3733b8edff00fd6a0bd464d26ea5ca21edf3b7e14cdb4f3f2fe58a43f76b66ce74348a29ff00e78a68ff00f5669730c42eb12ef670aa172ccc400054de1491e58ef556da44b6f3cb4133a1512ab0cfca3d339e6a0b6b45d5b58fb24bb1ada18c4b728720b9cfcabf4ef5d49d9b7fbbcf0300015c35a57763d0c353b2bb1acbd7e9815e07f1966f37c58b1efdc23b7518230057be9dff0037cfc63835e13f19ec9e2f115b5e3604735b851800648359451d523cb28a28ad5ab18eec78e9fd715e97e12d334dd63c3f0fdaed525785d97701b4e3f0af330d5e81f0e2e37b5cdb6fc747009c715cb5aea374776192bf2b3d97e1be8b068f677d1db49fb896e1a54849244231d2bb473bff003cf15e71a36aafa6df2bb731b1c3807a2d7a1c53a5c4224570caca0820d4d29dd6af50c452e57b687ccdf1560487c75a8bf76c301ed5c0167ff015eedf1b7c3cf3476dacc516e551e54eca31b7d0d788c303cd32c6a8599982aa8049ad94bb1cfb8e86c6f2e2ce5b982d27960831e748b19658ff00de3daab057f33f1e878afac7c1fe12b3d13c236fa44f045289a206e72389198720d798defc2ab19b41d6a58e429a969f79308d830559621c80476e3bd3e6ee118ea735f0bed165f104b72d9d90c44ee3d0357a56a3a9fda17cb89ff75d091c135ca78634afec7d1b6363cfb9f9a5653dbd2b5be4fb9cb6d18040af36b4ef23d7c3d2b243913e5f4f71dab9ef18dabdde832a2e4f96c1f03bd6f87f9b637deee31c8a49911e3656e8c0860476a8a53b346d562a5168f19d2ac1f52d4ad6d234264b89562500f2326bdcbc53f0eb486bcf0d32db2a44245b4b854011a518ce722b8cf0de891f87fe20585f5f6534b59588b92311c6db4eddcdfc35ea3ad78d349d4ae61d2f46b986eaf639565f3d51a4821c75cb2f53cf419af4d54d2fd0f1a50b37a1c9f81be1ebe9bf106fde54736da6b32c6f8e198f4fd2bbef13dda7933ed70c2388e483900d4115e4eb68f6d691bdb45231692794832ccc7ef617f87eb9fc2b9af15eb563a6697258c7f35ddc21548839665ff69bff00af58ca4a4ec5d38331be1a2a4be388bfd9b695b39e335ee4776d6fc0735f39787b51ff0084775cd32f95fe58dbca9d80c655bad7d0d2ddc1158b5ccf3c6b6eabb9a5760142fae6b48476224ac72dafbeef14597656b291881dfe618cfeb55437ccdf5e0544970faadf5ceaec8cb14c162b55704158877c76ce73536cf9abd0a51d0f3aabd58acff2d037d348e94ead0c0334d269a68340131ddfc547ff005aa471ff00eba6847ad0c45c71f874a6aaff002e334ec3d0dd694851d190e96e96fe2878fe61f6c800527001656e83f0aea07f73f3c0ae56e6c92ee38f6c9245244e248a543f346dfde1fe15a9a16a3777bf6982ee04f3ed4aabcd0bee8e46233c7707db15e7d58ea7a9879de26b7f862bce7e2de86fa878656ee34669ac98b360138435e8aefb3ef70b8ce7a015c7eade23935059ed34fb6b76b46568a5b9b90595bb61107defa922b1e6b3d4ec50725a23e6675d8d4e03fc8ad6f11e8d3e8fab4904b82adf3232a90196b247ddada2ee61cbcaec36b77c29a8fd8b5d81f76d563b1f270306b0a85dc8fb95f9ce41cf435138f3266b4a5cb24cf7b917e6fc8671c0ad5d0fc49269ade44997b7cf209e56bc7f4ef8837d691ac1736d15c22a85046e5622ba5b6f15c1346af2da4c91b286dea430ff001ae154e706f4d0f5b9e956566f53d9ef6f741d6ecdac6eeeed596e14a98a491559bf0ebf9578fcbf0ebfe117f17da6a524905d6890ceb2bb24a03c6bfed2e73ff7ce694788748957634e54742b2c4ca3f515afa16a3e1ffb72bf9fa71664215b280aff00855fb592dd1cd2c24774cf45ff0084db4496056b19e6d44b0caadac0d213f8e02afe24572bacc577a849753b2b4504d22b1b252a4b1031b9cfe476838fad5d935bd2930edaad96d604826753915993f8c742b7ddb6f8ccca0b15b789e5e3ea06294a5296c854e9463a8906913cd879f6c4bd76839622acb3693a7b049eeece27c6556e2e1558fe66b94bdf8869a84725b6916d3c4ca086b99d402bfee804f3f5ae4cc5be491e4cbc921dccee72cc7dea161dbdcd9d53d919e37b7f31764b0eddc19086527db158d369373a9c324fbded0aa8681111783fedf1cfd0631ef5e651dc2e9b30b9b4ba92c24c72f13eddc7dc7435a5a678f3c45f6ab99fcc8b520a0a792e16318ec46dc557d5c8f6b6ea7a9695e43e931bc691a964db3a2b1601ba30aaf79aae9ba3a84b9bcb7b54c6150b80c7e8b5e5d7be34d6e22b1cfa97d9ede61963040aa55bd01ebf8f5f7aab0c892a798b219f7124b3396663ea49e69c68bb6fa12e7e676faa78f2da5568b447fb432fcad74ca5514fb7a9fc2b8b1f333c8ce5a4662cd2312599aab5cda6fdd3c184b8519ca8c06f6352db4ff68847f7d787503a1ad6318ad88bb6492aa3c4c8df7304be7d2bd1b499aeaf7c33e165bbdf286b89422ba8656455f95981eb8ffebd79ec56373a92dcfd9be58ad577cf3801828fee8f535eab68b3dd3da5d35b1b382de0115adabb02caa719661d89c74cd74d2576726265646833ee66ff007b927934c3521ff2477a8cb735da8f2dcae14628a5a6210d34ad3c8a41401648f968c51484d5f3180bfc151eea76fa6ff8d265589073f4ea403cd1e187f9b5681936cab7858b0180559576ff005a617fe78aab33cf6578352b18bcd9153ca9a02d81327a0f461eb5cf5a3a1d387924cbbe28b974d3d6d22e24b9628c33caa7735cc22a6d09d1546141f4a975fd7ec65bcd2e7663149b9a292195595a16232370c5317ef7b7504f39af1aadd6e7d1e16dca63788740835dd3cc6c98994168988e8d5e377d653e9f74f6d72bb24524104e41af7b2df37cbf77be073585e20f0c5a78814337eeae541db201d3eb5a50ad6d19388c3f37bc8f18db40ad6d63c3ba9689237da606f2faacca32ac2b233f5aec4efb1e7b835b887ef7e15b1a46a9f676f226e636e873d0d640ff0039a5f9293411934f43bc47f37e757cee1d00cf14e1127f7013dce0715c969d2ea1bd52d1249771c050a581aedec743d66e2157b9f2ad3772493b980fa5632696e7652739f42832a27cff0022fb918aa73dc79b20b681c79ac4648e8ab5dac1e1fd36de1df3a1b92a0b33cff3023fdde9dab93fb74175797126f8f6b36d48d48011070063b5284d4af6454a2e24cb14112ac6bf75470c06093eb597a9eaa968be5c5f3cadd8f20543aa6b0b6fba3b6f9a4ce320e42d73a4b3b191b96639249c935ba39e72b683a79e4b86df2e59b3c0cf02ade9d7f2596fda8195b820e41157bc2da2c9aeeb505a2a65598339033b56bd7a4f02787d3c436fe669ead14d090a81d82975ef8a89544b4b1118ca479747a75deaba7ff695cda38d3d1bc95901c0de7d2b0e44bbd26f0a6f61ce030fba56be8fbdd2edaef497d356348a2652aaaa0288cf622bc86e6dbca9ae2dae543490b989d59470deb531aa9f43574d95b4ebafb6d9f9bc67a30ef56b4ed3adaef5f820b99e482dae72ae10e18b7b1ed4d8e08ede3d9022aae338071934e72f12ace9f7e360ca738f98516ec547dddcf4dd4ac60d3fc3f1e9f631a451c8ea8a8a3009ef9f535aec888a11776d550006eb589a55dbf8826b2d43ef5ac310604e4169bbfe55bcc3e56fae7eb5d7420d6e7958baa9b690c54e3fc6971c1a14fcb5220e0d751c7d060a514e229beb5411034d14ea4140c99be4a6b36f55a57fbb519fbbfd693321db68a6e69f8ff6298ae26dfe79a5dbfcf24d205a5d947c8ab90cd6e93dbcb6d2a6e864521d189c1ac19744d434ff00f8f1717f6ca322394ac72afd0f43fa574aa9fcea609f2fcdf8015cf570f19743ae862a74b677470b2ea91da49e5df4735a49fdd9508cff008d4b0cd3ea0adfd9f633cbc6048ca5114faee35db8775fbafb7d48ef51c923eefd3e6e735c7f5249efa1ddfda92b6c713358be9fb74ad41e3ba1329daecb857f55ff000ae7750f01e8d76d23c6925bc85b77eed8ed1f81aecbc5dade85a7e9b2c7acbee59002b0467f784fa8f4fad79be9df10e08a4923bb8a678324452b052c17b6ef5fad633a538b7caceca1888548fef16a5a4f871a7aeedd7d70cbd94228feb57ad3c17a35ab07681a62338323122acc1e29d1ae31b6fa35c8c80c7693534de20d262c6ed42dfe61c0de2b094eb6c75c614b7b17ed608ed17cbb68d225c6308a1734ec373dce338ce6a8699ab5a6b7a945a6e9f279b7321e19558aa8f5cd3f5cbfd0b40d70d8adf4c6e22522791d8b2bb7a63b566e137ab3455209d916a544685d5beeb0c30cf18af3fb8f02dcddb34fa53ab6e7216076dacabf535dc5b5fda5eeef22789d58e08561f76b5348444bc58f66d0a3e5c75a74a72a7d02ad38cd6e7865fe8ba869b70f05eda4b03a9208653cfe3515ad94f7770b0411b4b2b1c2aa824935f4d14497e49a38e50a7215d43006a8689a65b595ac8df6381256959b7244aa40cf1cd74fd63ef3cf787d7c8cbf027857fe11dd2cc973185be988672492557d2b5b593e4cd6173fc31dc2af039c371fd6b48bff00b7f9d50d5d3ced2e5d9f7946e518e011eb5839f31b463ca6914fe06e3e6231dc9ae2bc47e147d4b5c5bbb49e18249620acb229f2dd87ae3a1aec0ccef1895b0a1977003b02335e6be2ef1ac9f6c6b1d31c08e36c5c3b12bbd87f08239029d2bdf409bdf432db489e2be3035dc3708a8cced6609da07500be01fc335d4695f0f74dbb8e2bbd42492e55943ac71c876b0ff68f7fc00ae70fc43b4bbd2e383fb224b59ed5c4b6ed6ac193777073ea2b5a5f1d36852182c74a8e5b79945c445e72a555ba8c60d7a10b2b6ba9e7d47525751477f6f6b0595bc705a409142a30a88b8029efb9eb85b0f89f632c8dfda1a65c5a8c0dad1307507dfbfe95d9d9de41a859c7736d3a4b0b7dd65208aeb8cefb1e6ce94d7c489d053c520ffeb9346765684585605a9bb0d3b77cb4868b8586eda29c283400f747a66dab2c9516daa32b1184c52fce7f8e9f8a705c5263e51b8a314fc52e295c12055ff229d94fe9cd285a4db52d9561a644ff00be79fa5719e39f1927872d5608d035f4ca4a8cf0a3d6ba9d52f23d3ece5bb95c2c70a166e704d7cd9e20d664d6f569eee572db98ed07f857b565397636a54ba94afefee750bc92e6ee46965918b3331c9355037ff58539c7cb51e3e6fc2b1f99d51d0906fc8dbd5ba0157e0b1dff00eb1caf19205334b58fed07763763806b4c9ff39ace6edd0f4f0f4f996acecbc03770787f49f11eaebe5f9f0c4b1421c8cee6e86b91b86fb6c8d24ffbc9598b3b312496aaec7efaac842b637283804d3c3ffb63f0acdc8de14d26f52258dede4dd0bb29dd9014918ad9d37c57aae9f711c8b73f329c85946e06b347ddfea053597e4f9b9ed8359e8f746dc9e7a1e8da7fc4f47ff90ae9e54e0e64b66dc09fa1ae960f1a787a7b57917500aca32a8cac198fa62bc43cb689bf76c7e5fe16e455fd299a5d4ade3963f9b7024800e56a254d6e472799ebff00f09546f1c7bad258a599434092950641f855eb2bc4d6f4d919a2316edd132124107a5624b1db5c5adaddb46a5a3b8458b2390b5cd78e756d4b47f105cc163772c10dd22cbb5001b8fcc2a211b916b686978d7c649a7da9d1b4f90b5cec58a5917fe598f41ef5e66b03bb6f91cb0c70a4d48a8fb9e491cb48c4b124e69ea7ff00af5ba8d8de34bab155117e4d8147a01427c8cdf39f9b0064e702814b4171847b0f53f337e9eb5b3e16d75fc3faa0ff009f3b860b2a16380deb586bde8911258cc4df75815c56b4a6d339315414a2f43e818dd5a3deaf90c0107d45484f4fa5739e08d47fb43c2b68edf34d1a98a46f5606ba2ff0fcabd18cae8f999c7964d0fdff0025309a053b6d51226fa42f4f2b51d02b9789a68ab2d1d37c9f9bfa517294487650abff00ebab3e4ffb3418bfd8fca95c39595f653957fc8ab3e551b2a5b1f290edddf9f3485767f43d8d4e63f97f50315c4f8ffc4dfd8fa7fd86d9ff00d2ee14e181e517d6a2534915085d9c87c4ff0018c7e4c9a358b8756204f283d0fa0af24fbedc7d78abdabb3bccacd961ce589c926b3c3d65b9d718d818ff0007eb4dcd19a4a2c5d850dfc5c8f71d69de7c9fdf6fcea2cd02a5a2e3371d99279aff00de3f9d02575fe33f9d478a5c52e517b59f72c25ece9fc7f81ab51ea9d3cc5ed82476acd141ff0022938a7d0da1889c7adcde8ee6399be593f03c5743e1ab3fb5ea8cdfc312e4003a9ae055f630edcd77fe00badcd708cff3601e9ce2b0ab0b459df4311cfa347776b0bff61daacb9cade2e73c1fbd58df1361ff00899d94fb06d5428a7b915ba5ff007312f3ff001f5191c74158df155d16cac997ef06249f6ae6a1d4d26d2679fa1ddf9f4f4a05321b88e55dcae3dc669ccff4fc4d6fef1b4669adc7834eaacf771afde71f406aac9a9a7f0a67dcd3516c895682ea698f97fc0503e7c7e75887519dbf8c2fb0ad0b0bc6b893cb93ae090476abe571b19bc4425748f50f858ccf63a9c7c9f2ee03104f00915e858af3ef8568fb759dbf30f363dc0f553b6bd1b6ff002eb5db49e88f9cc42f7d9185a705a7aa53b6d6b731e5222b4c31d4c451b69858dd7b4dad4d103eefb9f8d6ab2271f4a61444f9ff004ae7556e75fb2290b4df4a2cea7dff00ecf6a70352e4c3d915beccb49f6754feb5637a7ff5aabc927caff3fdd1d28e661ca8cdd6b51b4d134b9b50bb7db1c2a0ed07966f415f396b5abdd6b7aa4f7d72f992662428fe15ec2baff88fe2e4d7750fecfb47dd656ac57703c48fdcfd2b816fefb7e7584e57368c52296a71efb7dffc4a739cd61ff922b4efae3cd93cb5fb8bd48ee6b39bff00d75a4362652ec3775146697356d89b62536973482a50445cd26fa6e296986c3b34629b9a76681f30a2bb1f00b7fc4d24ff00693906b8d15734ed46e74db813db3ed65ebe84567521cc9a37a13e5699ecf25cf95756917669d5c8c72715cffc49bc5bbb2576e33200833c62b9e4f1ecff006c59e6b643b5368504800fad61eb7aedceb7701e5c2c6b9d8a3a0ae5a5879467be87655af092df532964dadf2b11cf5ce29e6e25dbf3393e99351d2d76dbc8e0f6af5d4037cd4f1fe714ceb4ea3e44393ee3c7ddad4d213f78f2ff00754807deb2d46f608b9cf40077aeb744d1ae7506834fb1899e695c2bba8f96307b9a52d4d69e97773d3fe1459ba6877d76c9f2dcdc657a74518aef36ff002e9e954b48d363d1f49b5d3e0fbb0a05247393dcfe75a03e7f5fc6b68e88e0a92bc98c20526054a169767cd57733200052f15385a0a5172ac7485f7b0fc38a46f997f1a613f30fd3da9c5ab951d771bb57fc07ad047ee9be946377f4a377cbf86326a82e52746fe17fc6bce7e25789a7d2acff00b26d240b7574b996453f3449fe35dc788f5cb6f0fe8b3ea13fdd8c7080fccedd80af9c753bfbad4afa5beb97df3ccdb98927ef544a7d0230eaca38d98f4cf033d2b3afeeb63f969f7d8609ec0559bdbb582364ff00968dc018e9586dbfe6dcd92c724d4c637d594df403fdc5fc49ef50bf43530a865fbc3e95a44c860a33411498aa2ac34d19a08a36d020df451b6802828334b8a36d00501ca14ea7c713bb6d5527df1c5593613edfb83f3a57f3348d29762a6290d4b25bcf17de438ee40cd467fc8a2e4b835d06b529a42bfe4503fc834ee4ea2e294520a7aabbb6c5e777a53b84536f444b6e76ccbf391d891d457a47c3ef132787f56fb24dff001e77b8566c0255bb7e15c1dc5a79566bfdecf269f6cfe6c6d03677630ac0f351cc5ca2d68cfaa557f75e9ec29c05723f0ebc4afaee8ff66bb61f6eb3011c1201917b3576a13f97157091c8e3a9105a7edf7a93651b2b4b8588c2d2d3a9f45c2c6a6ff9bfde3e94a5ff00ce2a13c63ea2827ebf856091d03f7ec6a6493c6b19667daaa0b31638005333fedfbe4579bfc4df147d9edce8d6d95b899419dd5b0553d2876089c5f8f3c552788b577589dffb3edd8a42a4f0cdddab89bbbc4b75d9b332b1c2ae791525e5da40beacc0055e4902b0e5666669257cb3724f7159a8dd9a5ec866e777766e646eb9a6ff009cd2e28abd8810f35037facfc2a73513a38f9ff87bf34e2c9e523a0d2e53f8692a9942514b494806e68a086ddfca9cbfe4d310d1572d2cde76f45ea49a65b41f689b67e671d056fc512451855f9401f9d673958edc350e6777b11a42b10d889db93dcd387f9069f498ae7e73d68c1456886b227ffac66a16b78d97e64079eb8a988a55fb869a9325c22f74527d3a0fe0dcbf43509d2dbf85ff00315a873ba902ff001ff5aaf6acc1e160fa198ba5c9fc4c31ec2af5b5ac702fab6392474a9c7ddfc7b531e545fbcca3ea68e793e80a8429ea55d48ffa37cdf7b7003d2b311dd30ebfc2739f7ab3a85c24ac235e429c923a556099fcb06b58ad0f371124e5a1d4f87f5c9f47d4ed75483fe589db2a8cfcca7ad7d29a75e477da7dbdcc5cc73286520d7c956f33c2c3b8fbac0f422bdb7e12f88d9a19744b9937b47996dd99b9d9dc7e74d3b1c8d5cf513fee53be947f0eff00c0e2940ad2321584c5376d49b68db482c5a6dc71b93d33cf7a18f1fd01cd2c80e0f4ea38c7155ddf1966ce073c75a95b1a58c5f15f89a0f0e692f3f0d72df2c2a707737bfb57cf3acead24b712cf3bf9b733316620ff00156df8d7c4b2eb1aadcdd3215d84c70a139082b876672db9dcb16e589ea6a772b6236deecef23ee76eac78e2a173ff008f718a99aa3970658e3c773cd0841b7e5a69a9734de9431d88f6734d97ee7f3a97bd4720564e9d8d089651ddff00d6a4df53afddfc315132d6898ac37752eea08c537029e8171e1fe6fbbf9d3b29511a5a1a1df63474fbb86067ddc64601ad0fed1b7fef9fc41ae70d3ff8ea254d33a618a953564741fda56dfdefd283a8db7f7bf4ae771462a7d844dbebf2ec6f3ea36dfde6fc0534eab07f0a31ac4140eb47b2890f1b3d6c6b3eaa9fc31fe66a17d524e76a01fad50cd29aa508ae864f1755f52cbdf4efff002d08f615033bb7de7cfb9e69a2a616e7cb126e1b73d31cd5fbbd8875272dd92469fbb3d7d4e69c46c14f0576fdded8a18f35990c6c7feb3f0adad0b52934dbc8a781c89216dcb8fe21dc56330fe7526ef2f6e3ef6720fa5028a3eb2d0357835bd16db50b670cb2a82547f0b56991f8f3f4af1ff83facc917da74cd9fbb0a248f1d149eb5ebbfc3f8fad0992f41c4ff00faa9c8131518f9a9e9f76a8227ffd9);
INSERT INTO `usuario` (`run`, `dv`, `nombre`, `appaterno`, `apmaterno`, `user`, `contrasena`, `id_tipo`, `perfil`) VALUES
(20906454, '5', 'David', 'Martinez', 'Manciet', 'dav.martinez', '20906454', 2, 0xffd8ffe000104a46494600010100000100010000ffdb0043000a07070807060a0808080b0a0a0b0e18100e0d0d0e1d15161118231f2524221f2221262b372f26293429212230413134393b3e3e3e252e4449433c48373d3e3bffdb0043010a0b0b0e0d0e1c10101c3b2822283b3b3b3b3b3b3b3b3b3b3b3b3b3b3b3b3b3b3b3b3b3b3b3b3b3b3b3b3b3b3b3b3b3b3b3b3b3b3b3b3b3b3b3b3b3b3b3b3b3bffc200110803c0021c03012200021101031101ffc4001a000101010101010100000000000000000000010203040506ffc400190101010101010100000000000000000000000102030405ffda000c03010002100310000002f8d080a2a228800a000000000000002028000001622810000a000000000000b080000000a000000000000080a000000080000a080028008b00aa8a2080ab080000a000000000000162288a22c02800000020014050229202801400008b1285000810000000280000160140022c400000501400000000000000004b12850000229004b000520a0162285000000000000000001410000000000000000000000002292288a1280500000000000029600500810000a58b00400000000000000558a22c400000b000000000014050009650040045954002288b0040000002962800a9650808ab22815628ca92508004000514554b202c0004520459541410002040000005168965949452c008ab22c85140012c40b22922c0550165952ca0400002045954250b00022c4028502505250501655058101001415a9288b198b102c4a2502c5a212c02c1658a20a040968228828524a4812850956501416ca250054b1010051ab659a8b092ae24a48a48a2500502040a5960152920a59601404a4020b204aa9a94014005500505048b1012d966ad9a6e4d666b235ca2c4040052296044b100594050000000004b112cb013426c00005954558009428190559a95b5cf567b725e72b5c64ab22c640514152c44b190a59601400001560401289352c8a4a269458b004a1aa258000b00b006f3b9bdf4cf7e5d5e6f679cf34b3af14b112ae62805b2c54b184b10058285001450080b2881008a406a85025945965a164b102c00002ef1b9befdf8f7e3db5c3bf14f24dce99c4b9d730b90405ab2592cb84b0040160a15450000055808a48a204a1400559a941a9359642c050148bbc749d3d1e8e3df8ef3cbb7393cf8efc7a6b96778e9c60bce5156596cb092cb904810282285a1414b014b5bcf4e73ae0cb52e72d0c0bcd6554a016d966aca9a92cb98a48a20b1acea5bd39f4cf5f577e5eae2e18ebce5e7e7f5f9ba6b96378e9ce4d66f316c094092cb9044a48a21405a156554a966a69adf5c7a39f5e5cbd9ca3cf7aeab84f464f18ebe5028505b659aa26e4b2e010082c5837d78f6c76f6fbbc7eff363c9cbbf16a793d5e5ebd39f3e98e99ce759d720b9aa96024b2c0640022802869496ca56b3b9bede9f37af96ee3b671396ba68e3cfd3ccf903d5e659541416d9650511012004b16537e8e1eae7dbddebe3d7cbcbcfc7b71d74e3e7ede7ebd266ce9312cd719550a9b92cb982e606452296040286a896a16f4c74cf4ebebf37ab8deb35318cef1b863d1893f3c3ddc945050289414004800b166a5dfabcbece5d7e8dc63cfcf1c9cfaf5c71d73e9a4ad31352f39ab65cb5173359b8c8d7381165008b00451aa965a56af4c76c75ebeae1e8e4b737189d78f7ce7ab533cbf303e868558b2000160a82c05402c6b3a97a7bbc3ede5dbd7899e33cdcf5c7b6d17555b8e5359b34d43312c674b8c4d66f34b2e160a14162c4a059a9a69acf5be8e5df1be9d7975e79d677cf31dfcdde67d373ac70fcc4d4f7f40008b00028116594092cb2eb3a97afafcbeae5dbb73d639de1cbb70eb562dd75cf4cb867534b1133135cf659be79de75ca4b2f3141560011566a5177bcf4c76be8e7df9d9df975c6262e076e1de4f55979f0fcd4d67dfd010082c050010594162c46f3a5e9ebf27af977de65c39f9fd3e7db1bcf4d3a749d30f1e3af3d592e759c8bcb7acea76c63a62f3ccad722516250b00d6b3d33d70d25df5e7df1bbdf877c4d9339c6267575dfcbde4f76b975e3c3f37359f77582e12cb000001658a2a5567511acea6ba7a7cddb9f6bac2571de7531d7975af476e3df94f271f672d5f3e3b71e99cd96e37bc6a75c6379633359d7294b05962aa584d74e7d31dace973b76cf4cc9db975c4d65938e18deb7e9f277ccf775f2f6e3c7e16759f6ee0bce0b00000596514166a2ca6b365df5e5d33d4cc96c2cc74e7d19f67b3c9eff003e3cdc7dbe63cbe5f7793b6f88e9cf771a9d24b9b96752e216e42502594d75e5d73dbaea74e5ad6b3649d31b9339dcaf36379dee76e5da3b74e371cfe76759ee92cd7382e4100051459669a9a9d24d48c8b8def9ea75b09ab6539ef3a67ddf43e6fd2f3f2be4f671ce3c9e4fa3e3ebdfc59e98ef86b344b00b9cd548a5811655df5e5db9f6e9d33ae76dcd66eb362a2df367537675e5b97b32ce7c9cfaf3ed332cd7282e4101405965a56aeb3acf46759332cd72bac6a6b4cd9adac9d33bc6d9f67bfc3ecf3f3ef8d5c70e5f3fe9fcfdf6f073edcbd3d2554ccd4b20b91622972ab99a9577df87a3975eb2e337571b4d328d330e5937a5837be7acb972ebcfa319e98d71c8d730044a946a59bb5674096e359499d4d73594526b696759bcea3d5eaf27a3863dd71ae7e79e2f678ef4f0f1f471f4f7cacd24b9bcc195955566a4d0c55b37df8f5e7d3a48ca74e7d0b2c4b9de57ceb9d5d5ce8b6b2e78ebcf571cfa637cb32cd720b902555559bb72ceea00b19d4b99654aa9d2d26d625f4fa7c7e9e58f76f974e1c31e6f479aefcfc7d7c7bf6e18ebcba5ccb35c42e566a6ad96755a970ab35d7975c52f38bd78ecdc893a453cf9df3ddd6b9eceda6b13cf8d6355cfa73de31359d710b005965b656c5964b11652e759257a6e38fa3ebf82e737c959ebe6f77be74f8deae7df8f5e9d79f5e3ce79fbf2bacf2ede8e97e5e7e8f1edcbc58f77a359f8afb9f2e6bcfacd9d35acef3d74acde73534d6f172de182f4e5d2b776c42c8e3cbaf2e966b1bb3d3ae5bc3972e9cb552cd6719d4d7182e4256a555966aa254b2c59a1345f4fdccf6d797c3f17f4bf2ecf9d7d1a8c7d6c6b8741ac592c508267ae7e4f2f463b639eb4b3a7d9f91f70fcef0fd37e773db3be7bcfa3a0c6b19b9d34cd2c074e7a3d773be5992c3872ebc7a5cef1759edd396b1bcf3b9d44b2e732cd738566506a568258004ba9a9d1ebf2fd4b8fa2c3a78f6c42f0b3cdda6b3ae7bb0400824b173cbbf6efcfc1dfd77b736b04dfc9fa7e19bf93aceb9fb779d633a99ad6651090d6f9ed7d5be5d3956aeb39f379fd7e5e9ae765de75acdcee4de6b32e6e24b35c800285b2c942c5965d6f3db3d73f4bc1ea63dae79efe2eb9e598e9ae7bf27a35ae76366534c96a48b9b95319e93d57cbbf579bd0e14ede7df19bf95bc6f8fbb59db3794de3502c99d66e35be7d26bb75e7d396badcea679797d5e4d6b157656a563a60e79de35ca0d73a6a6f2b059a256a6f337942977d78f7ce9bb53b4e4ebc35223bde5ae1aed796b33a39e8d30379c8b3385d7367a2eb9bb72eb78acefc35c66fcda39fa7a6a6b379f3ebceb25d499d65874c6d7b75e3db96bad9ace79f93dbe5d6b0d5d5ccde63a73eb13cd8ebcba632ad736f3a9d24d661a556a6e6f19eb94c75e9d6b3a201429092dce672ed785ce7d0e323d39e523ace59aeb8c34d975d62c6800572ea38ef532c72f460e33534c4b2f3bac6d7bf6e3df96ba68ce73e7f4f9edc6b2de908ddbace7cdc7d5e7e8e4d378559b99d44b73575bc779a9d6c2c5a421412894b25d54c63a4679deba4e17a6e4f3bd0ae37ae5ae7bce9b8b233459504d422c2e6a3863af2339d4d626a68ebe9f3fa795ef34e78c70f4f9eeb8e758e9b5cdaf46b3ac679f9fd3c35794d676d5171352e657a07525585b0044a0a96ab1a4dcc92b393af3cc3af4e3a3a5c534c4356435264d677958b259424b95a070ed0f34de5252bd1e8f3fa38e7d05e58cf9fbf1d6bcfcfaf2ebd33136f74e99e38c72edcf5ae59dcd5ccb3564d54d779ab090acea10a33136c653ace64d6b893be78cb3b3893a5e513d1af317d33ce5eee14eee166bbe6657b5e1b3ae7317ab2124976b160270f464e1343bf6e7d7967b499c66e18d5c71efc77be436fa99e99e1cf973edcf578f3edc37b434bdb1d92e592c99b9d6b91379c4b9de52e1262e3a4c19d324a8b2a0a82a0a834c976c23a39d6f7ae766baeb8d9bef39c9bdeb9ed7ac999ad314d585e6db33a74c6f1358b819b29cfa657867a4ddfa8dbcdc78f2efc3a6f8f0ebcba6f3574eda4b998618d662e46ae2cc62f3b92e4101400010141000014001bc0eae5a9bdd89d36e69be9ac59be979ea6b571a93a5cde6866da9a467725e59eb8d3ea0f370e5e6efc3af4e1cba72edd1db8fab5999b86719b35c9ac98d7366e02e400000000000000000000006f05e8e7b9bb526f5d3974cf5d59a9d2ef9eb04589b952ca8c63a62dfa867cde7e1c3bf0efdbcdcbaf2edad7a7876b8c73de19c935cd9b2e20b804000288a2288a2288a2288b000000000002eb1a9d35d39ef3db7ac6a75599cdd6f975cb565cc20bcf59b7ea6378f3f9f8f1edcfb76f272f471e9adecde33cfa65319de35ce4b9bc82e1548aa8a0a23432d08a22d32d0cb432a32d0ccdc32d0ca88d432a8806a6a74bd31d33df4b33d5cbae0bd3974c5e973acc8b9331757ea4cefcbe6e18eb9e9bf1f0f579fb75e83a6739d4318e98bcb39de35c655b85968028954283432d0cb432d0cb432d0cb50ccd0ca8cb508a24a32a274cf5cf4bb5c7a6e3799b99d6533acdcebaeb924eb9ce88b36f7fa3cfe8f1f9f3cbb713cbc3bf2efd897ab2aac67b73b9e59e98df9556e7340a25525689548a0a23432d0ca8808a24a32d424a228cdb4c341d31d33be936c7aa73de66f12e1171b9b5cf44ba8ab9de6e7dddf974f170df9bbf98e1cf78f477c6b3aeb2dd68e7cfbf3b9e38e937e5cdab9c289549a0280141650002289288a228ca8928ca8504a274e5a9af45e7ae7ec92c9acf2ebc6c9acf49abab134ceacb10fabb5f17979f97d3e6bd78cdcedd386f37aba74e7aabcd94e79ae9e40b999dc05255052280000094000100101000192a409a9bedbcef9fb739de2271e9c2f3d77e5d9d2c6a32aa63794fb63c7e4e3e6f5f9af5e4de7a75e19de3adeab9d5ce75863097a792a2e6cb050582a0b734a0012c2594a82a04b02020b20d32110a0cf5e5e8cf6deb3be7eb9cbaf1b39f3d5bcfb6e59d0b12c435253ec4e5dbc7e4c79fd1c1d318e98e9d7871f479bb3d39b2ef38de2e79c3a78f44b9acd2a0a0252d83494104b00280044064242a0b20594a9a33e9e5db9faeea5cf69c3b70b9e5db1d12eb297770ad62c4330eff0057e3f6e58fa5e7f471e1cf18ebcf5d39f8fdbe4edaeb64e9b98de19e43a78f50b9882a0a82dcd3566a6e5dd9d3177acf4e2f453caf44b383b54e13bcb384ee4f3cf4e4f3cee4e0f40f3bbe5395efb9af2f4efa9bcba72cf6b7259cf4b9b2a59a4a4dc67264b9b0eb7366bd3ebf99ebe3cbaf2edcf9ce1e7f471edd171be9a73e9838b59e9e2b2ae30d6a6f0edd1d3cbbf4a6f8eba33b95a6f2d21b2c3313a4525948531342e3a60e6e989ab9de44d416c33ac16e5066e4a54d1492cb26b30d73d939ce983a4de26b40f7ebe7fbb872e3c7d1caebcfbe5d3b6f4a6a4dcb9cad48a56b28d596a4d651bce8584d73e9c45c977d387434911ae5a3482e593a40651adb9c8dcce0d31575942a546b3b0ab0819b0864de613d189b9ae6d655d39a4f5631be79e0df2e8eb24bbe8cd1734b10d3353765b266c3664d4837cb7cc01bc0eb942582d94920db199752454b94b04590d49b05550466cd3993a4c52c06750ed35d179ce9cd72b2575e7993bf9bbf199ac6b6b70976c97a25250ddc5b2cca34cda6b975267585026b353a66c211773164b7357282c64044b2c4b19bb95a6b35ad6b9937033370e73a44c2c4244f521bde24592c85854a930b2e6c66e76cd5dde7b9ad322cb9ad5ce965c92ee64de73b594044d334921488d2048b2c442544e9c9975c746a2a6e12cb7153494845b9444a6733513d1379748a214cba73962952a22f5ce3c9aebcbaf19a95aacd9d35906b1a2c45db34ceb246f8d3ab3557355944b113688466cd2199df97af39f5f8bdff003b938eb1befd75659a8b6ce73a4316c40528c3590913d3985bac6956e13733b393a6258b175be4ce312ba71962e7216dc59a6f9d9adc46b571419212f3e9709bdb355113594b36c0b73bb8b2cb9bebf26b17d3e66f3df968d5d2e4bac6c4b912c24b94ac8b032ab8ed37ce74b723571637be4aeb9ce8c359966752f3cae75cec19c82068584b1565692c25860a1735a012c668a6f1b4d6759b9a973d37ac6e76ccd42a8cb593510248d4ca92c4212c54e856f3774c3b64c6a6d24ec3963b70266e535cba675c9359492c149565a91542680cd549422c012595006f1bb2e6e4d5ceb3d35bc6a75b352ca533370c4d432b94401120634ab9ea9677bd3953ab1a4935a31d04c70efc1a929999df3d7280b6524b2152a59a9a81401494964b2e65840459425aa26b5acea74bacea6b5359b2b22ccc353234ce8c2c49158962e37e8cfbf33fffda000c030100020003000000217bdcf2fbcf3cf3cf3cf3cf3ef7cf3cf2e09efbcf3cf3cf3cf3c7feff00efbcf3cf3cf3cf3cff00cf3cf3cfbefbcfff00f3cfdfc71ffc7fff00fcf3cf3cf3cf3cef3cf7f3cf3cf3ff00fb082cff000c20820b60820bff00ff00ff00ff003cf3cec2082dff00ff00fec20827ff000820bffc2097ff00f082cc35ff00efcf2f08208208208218f3ff00f3f3ef7ff3defc2f7fff00f082082cf3cd308fff00f0820827f2f3907fff00fc35f7fa82ff00ff00ff00ff00feb1dcf3ff00dfff00ff00fea1bb1c906905dfeb049c75bc2fff00f70c41ca37b1c4803587cf6f7e1417041059fe9529041fc2f7ff00e10eada70801a63cf381c75e01ac0041041f69fa9041cc20419635cfa08f020992588622518440d7052ce00760f330846f35e28671183d57f7e41a6452cf38ca0bf32309330b1824c326bce35bff002103ca34f4342ea640824f1f57fea08a086f4309257f09ff007fa5937ef01002984498d7d84d513c0b0a2fdde3f3d24315e1d5d50ffbed815645fb542471554147fef0bff7907d46f0b25000280815bd20075451d8c4001503556fbe397841041648c705c1040e48881f3c8c81f34c0064a8354ab8c7860548152e217c7e945401f232cbda6405184d1910a35424f3c960416ec34f19d0fd055060f634b8d5c82b31d5140c250208ec960064d034c5a10a807c0b0143f8cf001a2ae1a65f8223d671ff00f5173e25e585476135d0f6f82f8008b0c50d8f62d42a7ca01d7fd0a02012c5a6018dbefae39e980149eb59933b1559195bc1034179c965d65ba4d7af6fbc02a0bc5450094a703557de15619a410c507a8a77b00428f1f3cf7a7a687a48394c491decc9822ef5d2825853abe448c2540d7deb21559a612b80cc69084ca793ac0dfd7777e5d9faf43a40001a936851d00cc4cb0db682950e420ee3761c3848600380a41041c49c3a4f1cebcd943248f5c08711cd3f20cb719e237490010010902410722f2c5361110ac084b2e615c40427d8126522b40149914e5fe518e88a22275348030ab6a99af5910a326689b58106040e8b524c725087caee94bc14ccb001a21928b047628588056a0398927f1e43403a550275e29f22f15e727658ce001a1640fa0bb708b10a09a631022c1218e08dee46309038c302337da3a8800f2982175961c926cbed625d0d1cd9c76a2acc03efc76d7eb945cc3c02a557924308b0f8a61569fe675d23200c28bf7785ab8ba8775f6e00507cbae19da0ced5ea42e77a62eb659f644ce4da0031a020807870471e7748dffe9a53c22a216d21002acbc3949c63461e892868709a4caa00ae9928b0a9bc6e5e308b541382c74cee6a34802871c35826b23c13a718fa358036cb7254fe2f0d08a4a4000338c5bc718c2628936592d28906334a393c4a987dc0a0d2d55d1bcf130e39c0172207c28963a68f3f694929806b64432b80f08c20c20c20d30c2083c76626986ae3907fa505b5900880c30c30c30c30c30c30c30c30c3cf984f381eed0d60e15226c42821cf3c30f3cf30c31cf3cf3cb0d37a2a72e273dd34b0a34d4bcf8d15c70f33d9c413735fb3c7acf48a890ca2ca439be2c2079ff34f4ef4c30fff00ff00ec3acbcf33cfa867fd9c16d4d0d5d6c6cd479d7aeb0d34f3cbebf32c37eb4eb1de8826870015411acd6c647ee31d31c32c70f27fa0eb2f31cb2594c4444271a624ef4da7cf4c38c3cc27b2282086c9b7eb9c7c28a8360303403f912d07c87de38d38d7e83ac63832f36c3d7de1b60491514d7b2b251d26036e3cfb1d38d7fd3e978cb8cf9d99808099e147e184c529090432c73c912d8f310c328210c6208ebcb1038113560f04ee89ead319895b10f03608af898675c71eaab2e827614566f03a97a2d1ce6b01504396120aa5397b102dce686db9049d1d09a0b125e682f8b45d1c7571945c710421a64a67ba6a43d9c44c0038665979a0c305fc4993d84190faaf3b2c02568b551653c3c445eeb9d1d0bcfc407694253412325890537e2098b41e550d7d41042c920e7e8045500dd685605160c60ff9794b1845c45320d68c4138a0f23c22ef9055bf4810d1328102ee0d7156136d03d9417e00b62e52c3fbbfe852fdcef9352804b751161c6b620892465d19589b900b7bc064122a8b70ea5a8907195769769502ac2845ecb7a80b0c420e4ebdf79d8bbbeebc3023d966906d81b0e6ffda000c030100020003000000107bcfbfff00cf3cf3cf3cf3cf3ef3cf3cf2f09efbcf3cf3cf3cf3c7befbefbcf3cf3cf3cf3cfbcf3cf3cfbefbcfbef3cf9ec30fbc7befbcf3cf3cf3cf3cebefbef3cf3cf3efba38efbefbe3beab6fff00bbefbefbef3cf3cf9efaefbefbef8efbf882ff00ff00c20befbe0c2fcefb6fbeebcf3edbff00ff00f8ef8eeb0c8ffebc12803c230befc2082fbffeff00bac9e7f0082ffefbf982ff00a0eb083cf63cf5ee2c208d347632972c8f9cb0c30d7ed31470ea0de0e85e3cb66beac25f3c830ca8b2c800b28bff00da9a20020c30da8eaa830c3afefcb776382345302482f6c0c3ce7ec30800e30c3bea0830d39fe0c38c2b3c2a5b8d373614b860d29920020ca09e0c2002c8249a0e28d9dbc8407fdf35200a4a0821b5b42c8a5020a27400828fc082a41fe771c576fea45ef36f4da36ec2083f65b5dffcf4758376cffdb6cc3c00d70a96d134ff00f9740863a2f5df7fefdf0adb2f6cfbf558e20e3ca044d9214fff0052c4d2082554ff00bf7f7fd282f94e2ce29000d3c91154cb0ea0bb405ea0828bcd7df69a6dfc2f15f5c2a057c000d1a8dfe2db7ce29aa14b28d156d568464143b2efdc0fba04f60aafe205ac57835de290822e9568d3c6f1822f37f6c53e05db4530b98120f7a9c00f3d14d38d52201e05d66bf42f1403187d024b217f8b0b3423c8a7fef3f5c02130d6dffa7fe5c34f58269f2c292320104b4acc6f3fa85dbd83951680b1ed738300f3c03df688a466ef023be3bdd53b5db1646a1a151b66842853cf00f2cf54fc71d4d4738ad97e3deb45299219fe87a73eb6c60c000014132064622db8a2f0cf53933602463a48c5ed630b8d87420023d6036f7d1402ec295a1794a1c020f087fdfafcf533853cf3ce095ec32115fa8485c49951280572963b108073811ac253df7c675f0df87f28b9ed51d74b283d9e1dafe2491200835c0f3df3ca15ac35af5713c3756db2ea07ebb452eebdd3b917263f43cd489894d5e54dd90a6f24f1cbb6f6df7cfaedb5db60b7ddc03df79d6e3b7f00db4f259eb6c7c0063d871aac4b2c8f2bb75f57ca10e0f6b7d462607a86d46b6f13694ca89c79762955fe277e3cf2676fbb8cbb4b77f9503cc229274cf5ee9353b54cbe0382a0c3206be1e85cbfefabe68eeb928b559c1bbcd40cc7b61f90d844615fec702cb86deb0430e18269ad2a39495c5e6262b93f373d6bcca34dde6e18ab65070bb3c78615ea86e08b97f7627748302c1e3575b5dd0c66bbfd4c83ff00f3c554fde6baef2356b21ecd3de76a276f1d87533e9fa6bc85c35097975cb6ceb6336869fd27a9fd6f18f7c344e69076f9aa9bc50d54e7865a53968a3d151e29d7fc7bda388d2ad2287cdda7ece435db19274437a3d58b15f19557800ef44dce79fc8209337bdb6614c64e64ca899fec9547a31e23c3a32a0c30830c30c30c30d24edc4c92c7edb0bcba0de432cd5c610c30c30c30c30c30c30c30c3c7eb3b50acbb47f2fc467fc7d6e7ff00ff003cc73cff00fbdfff00fbcc72c3a20a75ff00dfee2656ca0841bffe3e41445769071b49471c71fef9ac21a23c882bb153f08f5bfafd879b71f41c7196146d36d579a26c3e720639f571de1fef6d369f79255c71c71f69371c51c750935406e0895809674383ea53798557610418414718793616610ffa18e8b85dd12c65f6e69dc59e4104d04104904115c64594d741d4ff005ce3531f1dadb10d156db4d241041a41255a6934d765bb480f2073e9f7752c024145051051941055d4144d175e79e439575ab174b4dbdfcd5d83c0157dc611edebb24e375f130958031b804c5053151058383173f3ff00ce1d73c1b90fb6f91f4554834f3cd3cd4d44ce3117e73cb97c2c111dadddd98dad595d00c439000635e7df6ff30ffb27cd51220c57d75c339d5e6d7fca24a64430304e0ef07b54c3768b71c21c9d1979b86adb0dd87c134ce288cb6999ae0731432089c712f49a40d7dc205c3f009085d596010d64d8520ffaeb0e58243f1008953163d63ef0699054293dfb939001509dbbf5ce64f6d0f38096eaec2ca7597d8c718248f44ded04114828384526453d9e5661d7ff00bbf2fdce4bf0ae45f07dce7b69b7e01bdf12b9ca2b1141808567eaaa1f2eeb5ba89e07575dc7938cd97ce30287fa30031d8f5a7788a0bcbffbf8d4811df69e8cae23f8ffc400281100020202020105010002030100000000000103110210042021121330314014324122335080ffda0008010201013f00ff00e387f02fdef6bf7b198bff00c0664c8f2f3dd7e9cd92c841979d2fcefbc9f44c426390bf3bd2eb232530645918755f13cc59965f57a5d1927d134847959091b1745f0b64d2184a39853757a5d65390e99090b2362f9732762918e414af4fa5756725d22676c8110a3010d97a5f0c8c9d966790a4f8d9ccff00112b643191e34b498f22c4fe16c9593144abe4c8e67944585322c34d899624213eecc992e44ac489515f123239025e487eb4df9109792b58766c648c9733264689d162f8519939442643cbc91bf061a646c5d726593333d448e422474cc7e062322547a089512123a645291318cc05d643dc24cec62447893c76892176622f82c6482c444bf47233a64329c792f4d085d666363198089468c05d98d89eb25bcfe8e5af260e8e24860fc0c5a6f6c998f54622324511b1756319808c915acfe8e414d1c37e489f81b174b193f4462863446c8df563d2311ef3fa3908919c47e4872f1ac74cb2cb26121a109180f51b237d5eab487a7ae5624a8e32a645211bb1698cb2c94c519ad223fa32c7c6b0221747a431156284f65194272519c4c8b1a2085e4c8b8d48f6478343332c466628c90c44665f43234216d8ca10c425a964582b64dce6dd21c8df962d70e74bc323765ea446621228a335e0cc4c88c9781a1085b7d32642ad95ae6cede74b4ba7066b54ca289578331216a8cd7824d71d8c6210b6f563648ce367ff003d4aea36c97fcbb707fec5b97e9990989e912126b8e58d98330d3626365899664ac8953b1720966b544b8792b742c4e22f4bb17211efa25993f067a8deb12425d42c6cb16444f59086c6c4fb67858e23db3db1446108952eb9a68c3213119931646f764191ea1b10c684abb5147b68f690a34342ece2ff00688c4cc89c79113232b50b13d2fccd098d938fec891114591b16422fb51451e93db3da67b4cf4328af8197e094f47931c4884591b23d25a48a16228c511eda3d0bb523db47b4388719e91ae923a1891462c598a5764244b542424242c7e6a1e03c4f6c68a25568621e93317e484890969084bf0d0d143d498d3e888fec8111fd084217e4687a950c62d45f642c872d2111fe4665a648310a33e990cb640f48447f93318c7f4343c08e3b11c8f0ce3bb6402fa1088ff249f4318f495896b92d3384bc916918917e493e86f6c5b9559c6444c8ddad62fc98fe4cfe87d2b7f6880c190bb433031fc933f8328dc7e1913316719da198187e49d8845f5e5f1ed5a3e9913b38632330ece4487c843e4367bd91fd0c5c867f41fd08fe847f423fa11ef23fa10e66d0fe1e771ffda216719d3191b2376b4e4487c843e431c8dea84bb3456abe2bd6787a8e471fd0ed1c774d6eda3dc7a5b5a7a5abfc5246b254c717a085dafcb5f2491a6886d3a657e34243eb7aaead184abe98a995f8534c6fe0b5db3c052bc5913592b1e0535dabb2424ce637844da3859caf21fc15ddc36c8924a96da1a28a12d51424247a44ab53e1ea4d10c2b15f02f8301757a5dd6b2f811456eb5431323e887f1599bf8515d998eafa3eabad8fbad22591a67fffc4002a11000202020202020202020203000000000001031102100421203105131240143015322350223341ffda0008010301013f005aa28afd1a28afecafdda2bfe96bfed96a8afe8af3add14514515fd0915e0fcdf956a8a28a28a2bc5884848af25e2fcab491451451451456d89085e6bc5f8216a8c50d145142451435e487e4bc5f8242424346234345142424343435aa28af04bc17850f55a4842198e9e918a314343435aa12287b5ba178bfe84218ca3021c49a3e8635aa122863d2fe863d51456922bc68895b228e89975a68a2848a18f4bc2b7434345084311895e28e3e3d95449de264bb32de0318f685e3434345085a463a7e08e3fb1fa176490a2454c7a435d0c7b4217825d0d147e0216911a1a33f0471f1ecc9919568e42ef49086643da10843446ac8e0e8ca03e93e96216b0231ae8c915bc0809b2a227d09f44e8c90b798f6842231a218ed91f48690a347d2b4b488c6fa1ed91b38fda393253a38eed1193624a21218f54514602234338e863cc528a5d63a46258f6c8ce3f589c87721c74608949511c767d7d19a194245691188f671912ba2fb1e54298a12d2d5f8322463d467e1721147484c90ce3b64508e3e89b11e969ea32c89590aa2612391d23ec2848add97b641db31f428a9d9ed1450f1ec4a8c9926164887a4514231441115448cc0e5ae891763421f8ad4871c42108beb4c727660ad1c854c62425b8f0e8c17642ba2563ec8d1c9f467ec9169b2fc1090d1c75d98fa16916226748f6c87d1c9c7b324216910c768fa6991f4894463893e04f85644cb4fcb033471d11f68a325d113b2474c8da68e47a237d91ae89c91096a85d338bda1e9897662891593c5d93a18fc10911a32c084850ccfd10bece5cb4ce3cd68cbb43e990cbd12beccc5a4256ce32e86c7ac0c064985b26465e28c51162498174ce3c9d0da63568c17673d1c7928872b44d8f647d1919216235a8d7643d21ea8421ea6c4910f4b58a2344489bd127b219052f627d0bd9ceed16d33832599e16c519921a311a1e244bb302b68c35448ba27c34f4991223c0ba33764a888c7d98fa31472b1e891767004ac6a912bd4628cca2147d91eab48c7c390ba1ed22242cc7209d93222f62460ba1744ead12c7d9c65446c97d12ea1234348fc048a286210d962390ba25de2cc0489191326f429146ed937c8bf588be46638ff0026efff0031f263cd599e78b21a25e628112fcab67f3db23e4ac889913f16316aca7a95f44cb71a10992764289d5624d2b6c493447836e8c78e933d084c9e2793bb1a126d9e99c19efa64421b1647d837a43f460fbd32464a5144433f23db21c0f90750bdf1e24926c68a5aaeec47261aed17ae13a95112d6621e660ec7abe8c577a64a66c48688c634448891f258dc4c644af248c17434245095891c95ff0013df0d7fca88bd6b24244bec846364625de9938c8b0338c8e314638cc631748971fb534c93e2ecc7e33f1ecaae8a2914255a70b99348cfe33243f8f911c4e1649db21f5d963d4b44066223116364ebad40ba332342c4781456d9c88daed0989899f609b7d238f85211f86ab75d1290121662c5a6ccf1b47d3d91c7d19aec8d89d177e3d1953e870263e3a1c07f1d10c69318997a5aa113221252c8988ad21a2324463e16365eab6d14533b10989962db4995465d8fd90918cb23656b242d59639072247da8fbd21f290f9a91fce485cec58b9899fc94633a6c722447927b4c4ef5e98d0cfafb3042d591b3118d9744921f72465c824e62465ce1f332639f367dacfcf7f98a5685c9cd0b9ac8f9a45cc3f9088e4b132ef6c5a5afb3b22762e86592cddd19cc6733339d8db7fdaa568c39045c81721b2395518c89ad345693132fb20d4927543748972ecc992c9fa38c8d184e472b38ecaf25ece3a321bb2566648c7fa70e6ce336231ec7e1176c85d192bd4a8955326fd4e39c65a8fd8d0c4b5e990e627685d8d13c7d9c8fd4e17b21542f461fee34345167215338eed8bd18fb193aeace43eff5386fb2210bfdf4f7c876ce32ec5e8c17664c99f4723dfea70fff0061163d0bd16ac4c69dde9b33cad9c542662926356c9f0a4723dfea70d372221548cbd0ba646fa2c7abece33e8c589f660bb399fe84feff0053e322bc8f48cdf476d8ba5e0f169d338e62f511cdff00527f7fa9f170d2b337d12fa4851d6ac65b399c4ead10b236356887b4731744fefc7f122e1cb210fc4b7ecc7e2f047f8f847f1983665f1487f147f8a67f8967f8a94ff1728fe3254cc7e2b2643f16b176c87058aa431fb1a195a63ece471e9da2262ed1c7278de48e444d64cfc3322e1cd9987c5b7ec8be2f05ecc3870a1618627d83cdbe8ecb686d96c4fa306c5989899763562e86c487b6ac783d3568ce378b22226599411e6fb47f1615e90a24865e9eb1450d09145090bd88ad58d9765f8da175ace34d1548c5d32ffa52dd78569b1b3eca2ec450cfc8bd50dd098999a1aead0b3b164ecbf35fd0d9666cc990a49165ebf143c4aa1c850957866abb43cdd8a423cad698b6bc2cbd58d8999c84115f6c6b562d3634c783f04ef7346993378b21e4d18cc9a2ed18bdd8a6ee84cb1b1e42c8ca4ecce7485c84c893cd9174a87aa284521a486d69ebd09dea6ca912b6de964d7a30e4344730e44c5219494393b239c5258e4ec721fc8a2495bd4385ba2185628aa7e2cb1bf1685d099c8cadd2325b48646218c484dad3d317b38ebb17af2b18f31e6b698cfcd8bb448a895f62ec4843235a65096d88628dfb38f8793d324c8fb9e9a28b1bb2227748ab62c286607ff4896d21224da28c70e8e3a16ecfb10bb33437648747ffc4003d10010002020202010303030301060406030100110203042105103112132006304114235107334022153250536171162442431752545560937092a1ffda0008010100013f007ff02afccf432e5ffc5aff00c2cff867fce3d3ff0004f772ff007ea57e35ff00f060ff00fc9952bff0eaff00f8257ed1f907fe1c1f8d7e0fe55fbaff00c2aff8a43fe63fb15f8d4a95f8d43d54afdd3d07e67e0fe27e07ecbf8d7fc3af75fb44081eabf13f60f44a89f93ff0d3fe21ec2043f23f60f47e152bf6cfd93d3f904095fba4210fde3f6dfd821f9040f4fe15f804a892bd544fccf47a21e9fd8afc0ff8a7b0840f49e93f0212bf0af4fee1e9f67e4fa21fb0fa7f33d903d542042544f491f750212bd57a4ea3f93fb0fee1fb4c7f6487e043d27a7f03d0409513d27513f66a1fb152a57e67ec27a4fcabd103f23d31f49f810204a89ed3d3f9103f60fc1fc03f71f552bdd7b3d1ec843f6021081d448fa7f643f07f23f2207ecbfb843f02118fe410204aea24489189f9843f07f03d1f857ba87a7f03f62a1e8fcabd908fa7f0207709a8b224c88c6247f10810257b7f03f64fd87f7cf67a3d31f55e8830ed9a4ee24d8531f49f904257a48fe27fc17f2204afccfda3d131204d38db3e9ea720a63e923f887a08c63f89f81f91fb0fee1087a7f261f8692e6184d3a6d87168ec9ced54c7d247dd7a207a631f4fee9e9f55ff0000f444ebd9fb0138e4d05ce0716dba9bf8b5aa793d55b6e647a63f91e98c7d3f910fda227a7d27e47e042103d3fb07a27171b671f4f64e169a06a7283eccf31a3fe8b999dfa63f91e92318fe643f13f13f14952bd10fc881edfc2e3e8f443e670ffef4d07c4e06a1d536e16533cbeb3ec4ddabb63aa3d463eae12a1023f83f8dc187ed12a244f692bd1f91e8f4c48fe47a204e21dce2e9b09c0c2899084f276ea63a95667a689b08c7d90812a31f4c7f221e8f752bf0257aa951254a87a3f13d1e9f4fe6420773885b381a870270b556a9c8cea73872d4cdba2ad9bca26e298c7d840812ba8c63fb07b3f16102618434d932d351c654a952a1e8fc0842112318fe642618ce214cf1e584e11654e469ee6fbeca9c8d35a736a6e6720a62448fa0f43e98c657e67a21ecf8951204c498e33569b9b78f32d553e86384754fb5087a3d9e898caea2771227e0fb204c09c42f39e3f57f689c2d35dce534c7b673b1fec6654dc533904cc8913d1187a63fb24210f67a604d78ce3ebb671f8964dfc4ea6ed0e2c34b70e3d93fa69fd3fe07b21098faa994657e0fa21316700bdb3c6e1604e1716b4dcf25a6b6406e72b4d939c56d67209991227a3d9e98fe4fb210f443d84d44e0e9b671b47533e15e3395e3db8701b878f8f8fea7f47f81ec21087cc22ccbf1b8fb26a678def6cf0faad27178e1c69e6340373496ce581a339ce1fbab37164499465c1f77518c7f3a95e8f41098fa66b9a49e371b671f4de330d1fdaaa9bf8f6bd4c7836c38544785d4ddc4fee3ec87e042106332fc997e89a0b678e2b2b9fa70fad271cad153cf1349dcf21bab4a4e736c7e19b4ee651f440b8912318fe01f89e88421189302683b9e39a4278f2f021a7a99e9b668e3971d054cb4d136e8fee3ec87b210841ea2c5fc9f78ce34f15a5da854fd33c4a06056b9e631b9f454f26d19ce4676c4126d3b99113d04c09963512318fe27e15e898fc7bb8b35138f85b3c7e9bc8678fc2826a2c9bf4d4d2530d56478b64dbc53ee3d7b21ec842107d3f9318102e714b6781d57bb19e174d6919c8ceb4cf25bc59bf7013c96566737c5499f732890204d654ca2448c7f03f3210f47ad24e296cf1b8f7380504d08137a5433a671ef361a1a9b78dfdc7d9f89f81f83ed8c084e213f4f97bb09e35fb5a319cbe45e89cadf6ce4673c86ee92e6d6c8c4b264448636c31813322448c7f021f910f6409a4ee71b19e24bc89c7c2821947b3b945cf1fa6e1a7a9f6657a3f021f812fdbedf4109c49fa6755efc5829c72a72f9399a2723954f6ce4722c9cfe42b516fd7d364c8ee54d5811c6a04c88ccc8c7f021e98fb21084081351dcf1fa2c9e3740664c1a20f732dd15b9e23b27c13e98fee5cbfc5f58cd53825e64fd3b8d031ddfdb09cdc8fe9673f915b599f2a721b605c0b61aba9bb1a654e2e8b9bf1a65d45f4912313d90fc2bd10842624d64e3e9b678fd344e274cc7b27d225933cd25db3c3e7506e2b1254081eabf62ff0017d1354e27493c16da099efac272b937a27916db99ed6331289a8b6251379dfae14e47cc58b2a387512318fb23ed3d1e884d3aae638ce216ce26aea68299c7bcc806384e425b34e5fdd9e273ec9a7b65ca95fb6c210f6c66334ce296e33c4941366eea6fdd654f22d31467c30cfa9c42f64da56a9bfb7d71da2721b664c1b66244ea6d2a31f610895f8e04af584d10c6c9c0d16cd256b271fb9c4c4355cddba9a26f6696f74f19d38cd32e244fdc21f83198cd33825a4e0004c8bc6644f25a7ab9ff00d5e89e375de7395a2b5cdc77126b689b666cc1ee6b89d4df1231f410f49f8624aea54c09c7c261a7a9e374f70d364d1a299a9ad5336db9c8db38aded9e3da719a1b254c8a8fa3f74f4ca84d53c7b5b49c4ff00649a9fe166fed9cec2c9bcadb0ed9868b278de3ce6e9fec4e514fa1a9b98bdcc4ee6a8fc4dc4c88c61e8f4fe1a8ee63a6c996bee6254e0616cd5a689c4699c23ea8e9a6662137efa9bb75ce2e7fddbb9e3f75678ce2a24a9b627e0cbfdc6540ee6a9c2eb6938ad71e7dfa6ae5897739ad1397feecc3fef138e084f1da409c8d17a273f4fd2b18cdac6613416c4ea6d266448fa21f3e9f47ad277351644ee54f1a5ec869ea68c299e3ca22f7391956a9bf77732cfa9c7df5b678f573c19c0cedaf59f712240f4fe2fe2425751f44d5388764d0d688eefeec77269b9bf73993967735bdce15f53c7f413e95d13c9e9ed9f63b99e1537fad738a5cdc51377fdf666463f81195084d334254718633c6eaad903a9a4a6709ac239f7397b7fb4ce5ee467f55fc2ce3eebdf3c5e769381ba9b9f7e664cbdbfb27b2631254c66b268699c5dd7a7b65ff766fddfd9ab86eeea737b2c9a9a6705b49c22c2a68d0ba2790e07cd91e11df53c871eae89bc46bd6a9a1a639d937336c48fa081e895184d138e5cc345fc90e297d1383c5a67da42693b9c62899654ce46dbc673dad931ca61b81ea788e4773472a89a791fda3b994c88fb7d9f91eaba8113d077354d538ed6a8eea667baca836ce42d41ee701a49e20b319c4e25f1cea797e2478b3c868ed9cdc2b6b1e998334b52fa9b26c8c7d109503d309a89c226a2c9a745b38e0132ec9894cd39ff006a6d66e1a9e40feecc0981dcf1bd4c77d13572dfb64cc99918fed1087a0891c27c331983d9343ff44d8f71ce62db390590299c17b2781eea78fd37c6c6791e158b5391a8149ced162cf23a6b3666530662c1ea6516313d10fc1989341dce3753882cc74d134c7a876cd3d112d9bf4d13c875b6a6a2c800ce011ea7d6cc899118fe41ec84083026a22463306697b86758512edbf5ac9b9ea27738bd233f4e3697381d71b1a9c8c3ebd2dce7716f7e73c868a2796e3d7d6d4dc77e898764ca3e99503d27ba98ce382ce3ea9c1298b64d2d316e6a29b98b6530e9a2727ad13c837ba6ab0894ce0344b125c499918fb3d9ecf987a2633022751230699a1ee19c328b354db13b9c73b9fa7278ccef8d8ccbfda49bf8f7b56a796e25173cbe8a339c9c69f4131997cc7d302044a89eea604e3ce21738daa88b2e60dc02a0d30ce99c86f4ce71fde84daf738bb6886fb25cdf854c8ee318fa3d9ec84204098919b667eb5e5dc32ea5c32b9a0ea6d9ff00d53894b3c2944f0edf1c8825474773c9716f4b3cde9a732a73b0a5892a604cca6318c20448caf784e3fcce06364c71a2679d33565641a661b7a8316d9bb77f667373bdb0688f6cc5a271f759db3ea27234d1733264463fb0408130204c2336ccfd60cc18b35bdcd0d9373dfae0bdcf11d6a9e077dea08765dca19e4357d7a99e6b4d3b273ced95dca81123195098c4891224a9ac9c62d9e3ca20f5391f2ce3bdc42ae6a62cc5b672b6fdad537bf52b3eb972ec9a6eea5ce417aa24cc9914c7f2bf4408131d712a60f733f88cca6535c23309a1ea6502713adb3c735aa785e423538ede984e477a59e7b4f79cf21a7b62532a04db17f01f550c238d449893885b38ad1306c9ca67196e0590c68896cc0a67386a6e6998f6c02692e05372e647f6595dcdc4d877edf4fb21302042650698b67aca3084a984c1ea309c7699e35bd53c6349380dea99b44dfbff00b4cf34ddce79db379dcfa63d33362fb204081026444ee04e01dcc1a268dd37e764d190338ed937b44d4db0a19caec9c8e99a99738fdcfa3a9f6a6d2848953696b37113d3f85408131832e2cb97eb3264426b81d4c4ee6a9531269e99e3375153c6e5d93c7b5ae6569d4e5dea1b6790cedce72b8d77391c7a5b264513645a8fb2630204099144481388f70eca216133dd0dbdf4ce12fd9b9c8dd7d0ce3eea62f737b64e574c32a86eb9c5c85a9a34acfe9e7280224dd8d4dc47d5fbaf41021eae2f52e5f709944f5aa075029987a3e65d33c76eb9e39a719e3f7944fbc54e737a99c86dcc9b74d939ba3b9c8d35329944ea54498cd509896c354dc752a54e1ffbb38f37804dcd33567738bb5aa9b5a6685bb86db8964e794cb86da9c1caf6ce3fae4772e6e2c9c8298c7f2210f8f6f44583dcc1ea55933ebd699a873ccc0155a0278dfd0bfa8fc97d6e3c0747d3ff00ea2f5cd3fe9b73f8fdf95e7f1f87ae67fe9eece46a3fec6f23c7e633c8fe86fd45e3aaf82efbff00c8b63fdad8990991f233c6b59ce03d4e2f290e99c7e4bb09c8cef066f2f6e513a9cbd22cdfc0d9c8dc6ae3eb766c7a00997e98f3b7d787e5ff00fd51fd2bfa87ff00d979bfff004ce7f85f2be3b49b79be3f7f1f5ad0e7ae2c6633066a9a4986364cb1b2665409c42bb9ab2a667b849bd160d4e0e5dcddabea7a9a744d5a6a3d139e77367ae03fdd9c7cca9737bd45a62d939053123f91084204d9184c2136909fa37f47f27f54f37f9d7c3d7fee67387fa57f4ffe9dd5b399af89af5516acfd47fea5f2b94e7c6f19ff00cbea9bbcaf2f9056fe4edd87f859c7f23bb8ede9dbb35afcb833c07fa81e4f8db75ebe66c795c79e67f4778afd47c436ba4c7371bc37139dfa37cbf86e76bd2eb379b3e1c278ff00d35e40d03d1730f01bf50deec149a7c6ecd380bb359391a368bac2d9bb46629908cfb2afd188b9bd013c4fe89e321bf9bff529de33cb7eb2f0bfa7ff00f96f17c0c7919e99ff00e2ff00231f8f15a6717fd59f25ab7e6eee3eadd84f17fea4789f2461a7caf0cd2ecfff00d6791fd09fa63f55df37c6724d39ddecdbc79fabbf49f2ff004af3fedecbd9c67fdbdb07b98cc268049a4a26654d909c7689f5ccb6f5326d833c7f6cd3a6cb63a51e888cdbd0dce755cdbeb88a338bbbb9f59390d6a99bdc1a26eed994630f610210212e6513b8131204d84fd07fa275feaaddc8d9ccd9b35f1f44f13e2789e1b81870785a8d7af593fd52dfcbd5fa6cd7c72f0dbb2b64cf5370186093c0fe9fe7797438fa7fe9ba566ae46fe078ed1c3d3b9d8ea01db9c32d99969f79b8e91d838e015dd31eb69b12f33aa21f0bb8557f87a257d80506e51c872366bbc4fe19e1f85c4e2f37353b3e149fea072b7713f4b6dd9c7cfedae5395f7122370198b4cf0be5791e239baf95a7244672b81c0fd5ff00a7b0395a2f472359907f24fd57fa4b99fa53c87dadd7b78fb3bd7ba61dcc271eaa686c99944dd061b2a7dd8b2e2cf1ef738cdea845a9bbb273fa66f6e2f738bb2a7177773eb2721ea3f32e6757328913f00843d0fa5f58c254e3f15e572b5f1aebef6c31b9e07c469f07e1f8fc0d555a75d59d5faf25e3b4f96f1fbb83c8ef0d854f2dfe9679036df0766bdb843f4879a147c4721aeacd73c77e8ee7f239bf6f97c6d9c50edfae78fe3e9f1fc538bc7a3009bb6e46abc8119a0dca0747f80869bdbf716df89c8136684598615c8dd95de297531d5b2dd6db83d8dccdc3458a87f3534fdc15c7b1f8467ea0d1b7cd789cb82eff00b628ce4f1dd1bf669ddad1c5a6c99f169bc7b1871c09ab8b6dbd13f4e785dde67caeae3ead77ac6f6338fa35f17461a749586b3e909e67c3f13cef8fd9c1e66abc2797f11cbf03e433e1f2b538e44d738a5b353537eda26e6df43065cbf5c07fbb388f52fa8b6cccea7913b66d2653434cd1b6886f9bb75e31f593329947d9081d7a5ea5cb8bd7ac0989027fa6be2de7fea9393d387127d73eb9f763b89cdf23af8badecb7e09c9dff00defbbb0bcdeae68530cb665db93412fba46fe299f7becf562c79c1d152feeeebdf618c4390e68207c24e239229662ff2ce47db34a05f5f0b3211c5d6bd3684dfbb33687c87744f21e03c7f9eccd7c81d19fc1b89cdff004bf926d3fa0e7eb70ff3be61fe9879bceef768271ffd2ce0ea7077f90df94f19e2783e1f41a387a0d24728b3fd61f1db0f21c3f27d7d15f6604e2b4c72a9bb6d918c20cb832e705feece2b2fa80ac34dea9e4b4d5ce414c7e66a2633ea97d47e7d2cca32bf0261f118b1f64d640862b3fd2ce2e3a3c572394e9ad9b3655c37cfea23c88f2273779c8e4d35f41d4ddf6801d651d0134ff74d8502364d4fdfff00a5cd13a48646adb7937fc0d4721df6e1d12d76d3901fff00d618a8575863fcb0df9258b5f1553baed0beeaa5ba34d2b474b37e0a05ae1f0373bcbb323aeaa78fe73bb40e5465fc90df0df3efc77c76cff56b8dbb91e178bbb497871f65ec98cd3f24cffdb8c7d3e960c1b9c56b29c1ddd4c1b60510c3a9e434d8ce715b58cd534bdfaa99952a3d4cdf550257a26318c4f440989346952e61a289fe9ef2363e03332d975b288efa63c9a8f36a67ceeba7b88bb73b697b299a0c057251fe066ddda5edd881f0a4f96cd62874c0d8ea5685f86a63d3de7d1f231acdfa8d689ddacb6b3a294bb5b252ab7ffb37d472045417a118eea3618e19a47a05d39aea6aafa99e5af0731287bb6717941c8cd57a28b9a79d0e593fac9fd54fea27ebbd97fa4f9b351349dcdc5e13ecdccca63e826c8cd7f33885b384d4e3b6c1ea0f539f54ce6f7b589dcc4ea1eb2c6a6e2a3163f827a211f551c207531268d76ce168fed4cb0a27e83e7a69e5f128a3fb91e5479533e54390bb685872137e02a95688750dbab69b3622274371fb8ea3581b07e47aa9a9d98386a74a62f5772f65a623d956fc4c36f59f6d9dad473c36e762ff008b61c8c1711cedf92ba09bb31db775068bcbab86760fdd683ba8eed9b3ee388aad0dcc9fa363f5097d5b33e4180382dcd3e41263cf873a1cdb872a7eb1cd7f4af366a668876435753905313d1369198b38ad33844d1d30ec9a4ea792c68ce7285dcc355b0d50d33ecc4b26f9b264be8f99816c318912040ea04a892a0409c43b9a33ac256793588ab3c2fdef1dcf36bb9d78bd21ddccb9a5d19132e74ddce9a3c86c37885c3789feed5741346e0e49fcaf6b0dc50a9b0ffdeb68c7762eb36e5b5fa1ebb61c82b1ecfa02abe5219a89f72d7a00aea261b40dc08f74433fb3b7bad67f059dcddc8c767658c5d9bc5fb6b5d22d0cddb9d47c9aefaa26ede693adaf65b533ddc62917ee4e76f68cdd96af7534f2a6ae45c3910e44d5c856ae7ebbf241c2e3f034f27b5bdb84d4cd05b348d409cb3b8fbdb12604e3f4ce3344e136cc4ea0753ca17a59c8d379e5d4c74d33eccfb347a35753904d9367c47d62770224481dc0ea040891207ae2193b6b1157f8270bc76c4bdcd130d3af4941513b56053646d6edb953001b1a4ee3c9fbc6b3e915ed668e43b77dee031d2534d33572b587dc356bb4ed52c9c4e4955bbed6bfe7ed14dc131de8600fc9b6a5a69d9b01a7e5ba9ab7d18ba5c80f953e499ee2af8a6227caccb93a54dcf69f01dc39597d1b9cda57ad532ddb4140307a149bf92256eda89fe354c395a4bdb6a9fcdce46e373fc240aba080841d87cb3ef6633572dd4dd5cf25e375791dfb392f5bdf9a9c9f1bbb84de45e0b4334338fd902734ee6c2bd318cd13434ce28a4f1e2331f881d4f205ea6723452c0ee7da89d4a8691d5395a2a6f299b7dea3b811254081d4c0b61aba9911204e0788dbcbad8f5ae70bc7e8e096179fc2b298b5f11f43e9a268ddac13240661b851eebe1498f90afed5da747476c33c4572da80f6d144d1e436ed6f2543a0023ced9ac57689bbb498737000cb5769d1732e4e9ccb5e87bd44cf755ecc792681e910ee3ca32d226b2969dcb395cb7738dec76074074336f2bbb36021d90dd77b47e7af431b1805f712e5c75d16441292cff09395e18c91e3149346acb57488cd05ce5e8b9bf4244a6318cd0cd53c7964e21dcd3aea0753967f699cb299ab1b63a688ca9c7a49cad364e56aa66f22409a4ee04cfd625c0ea6b9a4bd532d36cd7c6d9bf69af4eb56703c36be3d6de47799dd4aa22d459ffbb2e16bd112be5f4c740f77325d2a0de0fc90e4f5d3f1d9d4d5cea7adad3fe4f99a39596a7ee62967f2ccfc83b6e95c1eeaea99c7f20ea29430d8f7fcaccbc863b7567d05b4a96b0dd5b7798ed13b558ef73efee2d77fe0667c81eac4fe2a6afee35f6edf9181acf9b58637da4409573b213e98ad41ea0d3d4c8c1eb20663a6bb3e265859391c5eaea6cd54c66d994d7353dcf18ce016cd5859702728b2790298291df9fc5c777752d9c7289b755939fa2a6fc69890c66057acfd63eb5cd0f538be3f3e40af44d1a35f1cac7587f0b2c3b96af53a0f9efd5ff8812e8a3a8ca81eb569eed3a9bb83a936528a513770363d6a4b3f863e3f961563dda5c385ce5c2f58d4dde379877f6e69f0fe437167db0f8a58f89e763bc1d62fc5df44ff00b1f9cbd98f5da5cd5e14c1576293ec9a4ac409a3b67d9123a2aed8943512080f56c2275502277e816057cd233905e137877323b999126bf99aa78e9e38b66ad3644a66e2c9cfd34c7a8bdc56e5b38d8d91d564f21a3a672b4d31c6187731c624ccf4306692e78ff12e7a8d9b942fa201814141f04580b143a3d9d11602c3081dcfa17a271f8bfce5334ba22776b2cb9ab45f6914d24396e6d0cd459dbeaba87654dfc7fe49a8a61921057e499112a7410efb8a8dc412e665350ec8306219957391a9c1cc49b0ee24c898135173c76a9e3f1a671eaa6dc4991d4f2d36c5ee39d33eb9c6eda8e345ce69f58ce5614ccc81dcd44cb551322242602b40acf19e1dd2fdee515517bac65902fb62f54409752e7d50974415608134b6f51dc6076c775b166929b665ca3561d337f2b3dcce20adac32002195c210a66dd27dee89f4515035d4dc1d547553111466ac4a999d54ed2a05f49dcc8fb4d4195d41a66dc35ee113a672f8ff00677a5cc8a8e172a6a3b9e30ea7041671f52cdd85133c2f09e4ca66d99b4cdd9ff867d530298b64e416339babb991d4aee6928b993122409e1bc7e3a751c9dc7fd4fc59155813a22dcba20ac5a7e2d977023954032609a499efb66adc0477393040ee6edf4cfea17e266a5ab34bdcd1be8986e586da9fd484cf9c074cc79ddccb7d9773fa845ee3be8ec872ae39e0ea99bf5877dc0a26fe8bb981ddcc8eee6e6cf5a11e92658b83eb91a0e414f4ff000ce46974e4e191d9e926bf9678c689e3dee705ff00a67237045b27922e6ec6724a63f3e9d54c5a99964e5e9b9b34cfb3dc1a266db2a233c4707eeeefbbbb0bd64c46a88116ba22c33b62d76b1ddfc11ce886d8ee023bad98ef09c8e435d30dafcacc774fea0c26ef21fc0cc77fde6f24a9bb9baf4f422c79d6cc791aff009669e569873b587fb84dbcfd69424395774ccf9334f229bb8f3daab872d58722f552c76d36334726c9f77b86f41267c9269cad026f68836ab17b6a63652472b298b1efb9bf87af9a5253fc31e3ba5cc7e4ea6d299a4bce78dc3a9c4299c6db5aa7237c371539ad937fc65394a316df59e9b267a1b8e943b9c82faa9bf1a8cc8eae2c268e3bb5005b9c7e31a75fd381412e88eea20d8ac775b44c4a2e66cba26ddd1dd51dd45b1e57f861caa8f37a8f2a3cdcea863c8daff2c5cfe5b8679bd0c756c0b5206beef60476eb0ff7c86dd6aff7822d556c18b985b9944c776cae963bf64393b4872364d1caefb87235d4cb7f73572519a3956f6c778433b6d9a13e567237dbd3d477514331dd6ce3162333eba8be8699cbd06e3ee9f354937eaa6a71f52e53c7944e39dc3756a9bf75b3eba27237dc4b273b453732ab7d3aba8e9b9cb1265a6e72b1a264d31cba94330278ee3fd9d56d8b028b599eeb6a2db5376fa2866a7e598ee9bf91dc79533e4c7951dfb338e55de4d4fbdd5ddccf900742b1e57546ba7fcdc79bb13e9a3ff7086d7ffcec7919a539acfbacfbacfad972e5cb872b6050a134f2b660dd8c797b16d09fd56a43fb68ff002dcfea359f0b0df6d194b67dd9a79084c790a96cd3bfb8721ae98eff00f2c76fd6cd25d4d2815373d590db6541e9ee5090f847e272f456d6a71b4f77389851344bad537bdc5526ebb83d4e5964ddaa99f4c4b205339ba6c8e1539c74cdfd32fa981389a5cb705590a0a26f68996ea639ff008664f70dd1e5a7c332e45c161c5daf79744cde3695ff00aee6de4db4144735f963b6be2392fec5cb97f95c1a9a77ecd4de2fcf5dcc3949f20cc394356530c17e1b86ecc7b5872a3c8b9a775b3567356e9bf7fc906d9f54d4d9dc59bf1fbdaaff009271f54d05134e5532de555cda8b1dd53346251378b3769a67da9a853b8e8fe42720ea99bf1a9cd4a9c8abf5aa78fd3f469142d9f5d4e56ea2ae6d44e98eda3b639db771dcc31cf3663c7312f266de4eae39d05cdfced9b9f9ac22fabfda25cbfd8bf78e5b3522293479252b91ac481c6dc5e3b29ff0c74b84d2d330dd0e5d13efdc1b60ce3a2316d020d13404c1ea2cdbba986764519896c4ea25ce5699f6a6ad544db8013964e6eda2735b9bdee1385a5ddc83590a103e08e7466ce56f13a7b9f75a8ee580ac3046d27d614dce5f9056b166edd676ff00c2b97fb370ca9b19a3949d2d90c0da5e28c7538cee1954d3ba3be8a9c6df4ffe8c377f88334e744d395909bc8344d5db341dccb0ea04e5164fb534cdcd1396d93c84e6337bdc19e23486a76ff2c5ab66fdd5a28f966e698c1a9a09cadc054ddc852ae2affcf198eed9a9b1668f2591d20c37eadd13fc30caa5acd2afc33477aa0f7349df64d0d35730cba9bb3ea1d9351dc0a9f244a9c83af5a30b27231ad5394bdce776339cf7326d9acbdb89fe5a98e06a0c71f80a8b433919f53736c6a808811df454ddb962dfe15eaa57aa952a54af552a54a95f8d7ed5cc3724d3c8bf983ad22cd19d3346db2a04d28171c81bfe5867d4cb39a7b26053e88d24df8a9289c73a9ca009cd9cd7a67906d8cf1f4f3f010664d6a5996744dfb6c62c199b162dfb3f66a57aaff835f88d4d3ba639dcd2d33429de3316dee7d717a9a77f51db6ce3bd41ee55916a6a66e7af5a1a27376ce4b7739fd0ce7f6cca7862f72a753735a59bfa265f133ea2cce31f610257aa952a54a95027da9f6a7d3027d33e99f4cfa27d13e99f4ca952a07e1513f126a984e39d4d224588a20f6c377757352ace33640ee0751834473eea5cd23539cf537ce7e1f5939da699bf1a9e1f4a71153e5b2721e82723e2a644de5319947d040812bd540953ed4fb50c204fa21aa7d30c27d33e99f4cfa67da9f4cfa27da893ed4fa67db8e13e99f4cfa6244fc09a89a4ee714bea1aa8a8c3e48b9e9df98cd0d9738b9420f518f44cda65b34764e69db37e16ce5e8a273b1ee728b67135bab87a31c8a42665b379d44b672b1a6318c0810204a9502040810c67d10c604fb5027da9f4cfa67d33e99f4c75449f4c48912244952a5448912240989dcd27534e9f8671354714158c0b9cac5393928d330671739a73b97d45ea6ecfa9a85557a9f6c9e3dbd739faa385ed9ced3ff44f21a699c83b844ee6f26185b39c531227513b8102040952a04081020408610c2184a9f4c319f4cfa67d33e99f4cfa65448912544952a5448912240863dce3964e3e912aa70b4d355379d44a981d4f2017ae0d4e3e54cd3ba1bfa3b8edea66dc425b3c66dbea72b4d91d1fdd9cf289e40b9c8d3dc1ea25e1736ce3e37b673f1feeb1c3a991d449812ba810204a8102040810c604319f4cfa67d33e99f4cfa67d33e99f4cfa62448e3122448902544893ed751204c355b38ba668d344d05332c549981f30ce790edd7fe02254d11cd21bd61b950253553e8a1f5e2373f70220e31d56cf27a7a9e400b9c8d36c3a2696ca9976b3885b39785ee8eaaf926d2a27731c638f502040f410204308102040810254a953e99f4ca254a8912244891c254a9f4c4956c30ea67aa61aa69c3b9c5268d1f5ea6a60534c4b26fedc89a5ee73f37ebc4bea5dcd2d133db6d4d239a1896b0d3fd394a2cd3493325cf1bd6ec662591d34dcf2ed13c836cdc75734b7817347fdd6387cce2516c74d5a9dce4616ce411d5dcd4470ea25302040810218408102040810204afc93d2448912244f690218ccb0861349dce21dce215395a0d3b714f87b9b77658083333a5895b273ff00de20cd0d911b9c12bb63ddb34f4c01254f185b7356e0ea64d8b3cbeeb5272fb66faa874134cfe9f3cc5f827178a55d4e56344cc56723544ee6244ea38d3020408630204081020421e8f4fe15eebd5448e11227a4863022593e9814ce1657346ea265b8dba2d5b26532f89915dce6e6e7bebaa3a21346eaea6ad3d9b19a5560d1508345cfaa78dd145901599b5a67977b59c86d99964cba9c7257f667074de819c8d16cdda299c829890c6a275366302040810204095e8204a950f552bd57aa952a54a89122448903b81eafa8b336a7037775343d433eaa664ddd116d9cd139990c1ea7038bb376d337ac0f95882c4a60dc0bea2b834fc4b9c0d15aa3a6a72dad4cf2595b332d86aea6fd2e1b29fe271fba625ea9a134f109b91ee721b19c82d81022753325408102040812bd57a0fc2ff698c7d240f4b16886573733859bf5ce3c0eae667737300cf6ff00e84e56efbdcccd2ebe3b9a4568f97a9c7d5fd3e06b8475c70a98b1a4efd718ad513a9e41a19cfed8e3dcaa272ace46cb2a78fccc83af8ea6d689bf2fb26b3fc132dfd3dcddbac9b9b61ed257702040810f6423f85cb830fc1f57ed62cbf6b162f5066e678fc2f2b9a4a26a17a9b8a66e66ddc69e3ec6d197ddcf13a576bb13a2259734f4f700624013fc311c4a67d13494047e19e434d8ce569a667a6a7d13ca95beaa78d7a4fe4896e24e7e75bea64cded1337b98bd4b83ec210832fd5c187e0b17d0fe2c58b2e7dd8e51cbd0c58b1cad8bd43e26e6da9e334cc671cbdb53794b390d13c966e1a80aa66a1d99802af404e271cd3a8d4575f2d55cc31a638cc7a8eab2c874c749913ecc0a2339b874ce597b59969a26c289e5da75cf1a872360bdb3497b75ce5b7bf366737bd4cdee0c1b974c1f77065cb970610f6b18fa187a3d3163165c58b167d51639cc5b62cba205ee9c1d544c6703bdf39a5399392f64f24aeffa6fa2786d17bddcfc6a9a11ee05ca8884fbc8f7336fbc669decfaa3f1eb9bfed333c6f7673761d4d98cf2fa6f4397f24e3a6ae6e2bd5cd0da33716ac6723f99b7e6108c32832e2cb973ea83708418462c7d90f6c7d2c58b1639c58e7162cd5189d4e1e9fab6f738f8d6a086aa278f3fbb3c834e736b7be6e1cb7e7fcab346afb1a009a7754c374d7b6c9737231696a7df27f558cfd3be6b5f97e0617b47787f723f1396f4ccabeeb36964cf19e4b4de8d831437eb57e29b9c66cb9b8a99cdf32f984267060c18b065fa183061062c63ec843d2c58b162c58b165c58beb57cc5ee3fed4f1ba6f6cd38511e867110a6791cabb99206c5f89c0e2dbf79ec23db53563dd4a4864858cfea18ed5ee31abf5e17cb3e279f86ea5278ff0023a3c8f18dfc7d838b3965e0cde26e999ff44db39a5eaccaed2a6ed68d252755381ff72ff8a8b7a7ff005267390f5337b983099b2e983065cb972e0cc33830619c34ec6ba698711bef32a3c2d93fa1d91e2ec1f8b869d9ff0096c0ccbb1845a8e74c73b239c58b1cbd5c23e826ae8b8adfc3385e3f77281fb698bfcb34f8ed7c4d1610f98bfdb834633c9e564d1a1e45e0164fa00a03587c136e36cc6c3b856e253a9ec893eba86e19b419f431d564fd2de71f0dc9756e2f5ec8edd7c8e39b71447b126fd0fdd9bb0ac26e3b9c8689c8ef7f23ff004678d3ff009298b4a4de533904cbe59aa1328b4cb83eae5cb833468dbb9435bd4d5e3f725e484d3e3c1bed9ab41874011268e35fc934f0b063c4c0f823c1166de200d135705cd8f89ea3e36be08f88336f2d62c7c56b3ffb243c6ea5afb247c3690bfb24dde274a57dbaaeec8781e33fcec87e9fe32ffbbb27ff000e71c2fee6c8780e37f9d937780d68fd9d88cffe1fdbfcef263fa7f8d776c3c47111be3934e8c2e8d6010d00fc5137f5c6a97dc5ea6ddd4e339b95b38c7d93ae9625f73e8b9f489501d2c037132d11d3d771e98ed9f7612ad9fa53ce1c5be2f29417a59bb116e720eba9bca59c87b9cf0397b000b2e788dcba51f83a27ff00726c2e7230ea6e3b84c26536421eb1e3eeda59a947f909abc372569a09a3c2eb2fead8b3578fd3a4a348d7f290d5dc7487410298610e2d93471cc02e744fa88024cb45cd3c702e0591c6d9f68b9c929a268c7b8e8b27238f57447420b34e1dc712a187702387730d3640e9207753ef514cdfb7aa83dc72ea64f731c4c972c9f8e8260770c2c9a75534c74f6d44b3b867f65efe27d5674cc9ea6dd3659111a7d6192352efb20d93f4ef9ad7c8e361c5ddd6cc2665939036ce514cf25a6eb6154753c7eefa1c8fe5ee2ffd712d9bb4d9d4e568cf07b3d0c45f821c4e46e2cd2a4d3e1b6ae37b40668f0dab07b5d9738fe374eac28d654346189400435544a8903b9f45103a9f66a68c3aec9bf70477dcc7777356eb83d4faeda8b441ee5cdedb34625dc73a27236f7502f0a814cc8ea634b1c2cea6ad36c7aea3d171536b4c377537662433ee6e7a836d13e0a9a4b9a448c66d1f9a8964b753d432b951d383764fb33905764d1b9b8965934ef74ef13e46e787f2fabcaf1cec361f24e469b9e434d33c9615c4b9c76b741b47d55c38b866564591f19c4ffca21c0e2f75a89a38ba74de58eb0861fe0954cd27733ca8a9a8b5627771ed999d4d25ed89404d45cbb6a1d17395bfb9a5567dea9c7dddc33b262d336eea8723ba9ab75933db34b37ee9bdb6682c9b80db16e0d30ca886e022df733dbfda6e39f73eef55327a97dcc9b2618d33e59a70ea1d473a269c84a606088ccf455a441e988e134eff00e189af33a67d89c8d2836474d364d39f54cdda6c52789f21b3c7734da035d2338dcfd3e43886dd29539e5b395a4dba330057e2e366caff001d3353d62cbea69e8b60f517aa895d1028989182915cd9a4eaa3d750266d753885b7336ad98345c1ee679d699bdb66b994d1ba99af6d934bd5cdcf53eef731dd4451269cfa9b76db326e7199c9699717b99f221cac07b667cffe0267cad9994b054ed8316e2f73014bb8101b9a9a20d91a4a63845486e6a999971508a8c3713ef4dee1b6ea6ed1dc4aec9a77874cdba7f92785f2ef057565deb66fdd8eed238b63d8c5ee797d4e9e4df54f654d4ff670867d473b4260d92e8566a6ed62f5318bdc5ea6334c5ee66d1155a9c7c3e9264db532ce89a1b66f6b554dec18b72ea69cfa9f7a89965641ee5d106e1d1327b9f54d1ba8f9f89cade356c77ccb7edb699966b07b8be8619d32fa980ee688863d109890688722acb8efa61c9a9fd45c58ac77545b897753e8db34f2a9ee19ebdc74cdba6a67aa68ce8a66c29b2707c956a34ee543a1816cf25c777e8cc0ecec9ab2ad553ebad50cef6b356ed614bdb37675820cd0f5065d31cfb83d4d2f7343717b993312d8e7441eee6e6715a9c8cfb9b198306394d4cb522d10698e76d4d3337a8adcc466d5c4a2e2d9162f717a83160c73a27d4624370cd1a5c4b7e58b6cd3aae1aba8e96a7da0f99bb524bcc9750df5d30dd2ee511f99643c71bb5b4f73568cf8ed370db6524dda6eea2416a9894d93c7728d8565424e41537e1f6797907c7c93ef593536c773f79ee619d916be1a9a775c772b511a58744d2f7343d45ee6dce6a6ad996eb83445b671dea72999f70f594d0f70f88b1689aed61b408e66d825f5168b9b9b61162dc598c5ebd317a9c4d36da584558134f4c2aa0151d18231d054784332e0a4dbc5416227c9096c197346ec84269356ef909c8e1d1789153a62dc118e164c376cd1b471e927f5672345d524e6b7bacf93a9f5d334e7d4fb2a58c36a74c72b269519a73ee2cc5a3b822f44379abe4ea7f55a92fee04ddbade986ea21b6d8bd4777738ad939b0ecf4bd4671db60bd8446ad8b6c5a288e7dc1ea639f733cba99bdc1ee64c58bdc099306e2c076b413400512e04186d86fae986f9f7e398fc31dbd472b898333d3acf863167d51c04b0a663bdd2c79627739062da31e98b0dc8f7330c8b26addb35297d33918b771516e0f550dff004084326d57e60c32b2a71b7595fc92e98b64d394dfd906696dee20776c37530cbeb2be23c5dd76164e3efc34f4b4ce5b6f48cc548dbf030d3b5e9ea1c52bb58618693a260ccb2b23b698e764598e7062f517b83dcc9f4bdc1a266c5a3d71f4fd9d0abdb0122592ebbb837f30699d2593b18a92c62b1685b8eea267b958ac734f4316ca9bda86eb2a3018909d312ca63c7ee3a523a5a5a97d4faa194d1bab6ffe8c5b2ee19f50ce997645a6639f7716c8bdcc5a9a73b2723a6619d30da276134ee1ea394faa394c32ee2d9337b8b16619c18bd45ee0c5f4bdc272bc2f3b89c2397bb556b62f538ba7ef6deee88cab8611c638a4b486d86e5261b8c8a6257647348ab1238c4957f24fb31d2a4fa360ccf4a935694b2387d3772ae658240892a998a3d6537e1534ce578f41dda0b3f92237411d3860d0fcf71d480cd1baca865161959374d4cc1eaa66f7066867220d30dbfda86f06ae6ade24fb916c83dc73ea66f72e2c33ee0c5ea2c18b165f73f4cf8a3c8f36f70fd8d531d3ade3d2095f093f57fe9dd7c7be7f1e8c16b6613420d625106e6a218f53ed5a91d1d4cf8f3ecd30255964d3ba9a638e0da474771d351d303fc910a944cf34ba23bac9685c772775133cfb862dd11e3d9dcdc38b0cbaa6241946d2a63a299c73e0a9e6381c6e2ee3762d2f7f44bb6e6e6b009a31a161bc5a8e764d4c5b2619d33533260cd2d3373645ee1b3a9bdee68de8d2cc775916c9f5d317a8e72e2c32ee0f52e64c194c0b6a26b02b59db53f4471ef4f2a8f8d93ad1c6766d4310b567ea3f25ff006972d705fb7afa21d3319a8b260f717b97654cf5474dc75750298e36d909a9fe18ec239eb23bbbe899ed9f765e3bb5544a625b0d227713e86aba9aa82d86ebea7238e25933d28cd3dc70a969d934e665f3f30c8d02e4d04f21cecf9bcdcd2fe93a09abb739bffdd08bf468a8f6c147a663ba9ee19591699a32b22d9060d30cac8bdc73ad116d834cd39d90ddfc31cbb9f5f5165c5ea5f7317a8e544c9b689c72d148fccd222b1ec27e87e6ba79f9f1b2430d9ae7eaefd41af975c0e3e4a62ff718e3d44a668ee692887cc52ee7d1d5c5a2559d4cba8a245a8ee86d8e516e6d9f4acfb51dcea61bacb9f7ff008271b2731b6899eed581db6cddbedea6a3359a4da74964e471c4b08e28ce9238530699cce566f1a94a98eaad17fcddcd5f07f97b9997be6f7aaf4462d1066add50dc245a67d5307a993dcdd93552fd63baa1bea1bae19f536b3ea8ee2aa2c36b507bf5c689dc7fe822d6aea71391b38bc9c37e9ce9d5d9305cf74cb0b267aa69299a52a3f336f45ce2ee32d54fccdc54ba8e77f31d2bf0c75bd8912a32ee3647df234757068a960c3775d306ced9ab0d7353ac6ae0eba8b760cdfa6e27d2c0b2253369f7b6d5744cfb28974d4c0fa9b9be33e0f4c211e88adf4c18648c5b63eabd041a67decaba60afcbe9f443d71a24ddd2117a09aa6252306f54ccb6254d56912259534ed74b1cfea2c666d312c8351da245c1ea678c4a962443d5136255336d8c4859068865650cd58b1cf60d8cc39ce0d65071dd48cdd8414699bd5bafe621a449abb6a722b072a6ee71dea6e6d8c6108cc48c3b7d1023ec81d7b23184210f99c720d97336f912ed9a7a6697a9abe2664ab9a8a18e1640a3b9b4ee6add455c518bd74c54219545b8e5d4622163061eb91badea27ded57297aa9a74db4c782bd90d0e9ed2691c9a0a9a381b1267e22c9a384e96926ed1675336ac7e62cdedcd051737abbfa9a2ce9993e9602caa21db313a99302d950847d5750254aee3e9f443d134f5ae5c5b73662c3e61d138f9d94c486ab66ad3502c49bb19ff00a31d48dc74b3313b826654f86a36458b2faa6077d331149f6767f866dc271dae921a6de89a78fdc349f6e67a6caa9fecb3472a69ddf5933c448ea9bdbdb95c5a23db36bf4689c7d57b6df8264ebefaee64ca8cd587d05b32812a88bdcc48c3d32a27502044ee3e9f443d1f30da60f71df6d844ed9ae60419c6954c20c220cdb895645f92e7dd4ebe635b45267a69519f5ff0906c8918cd44d0a275331fadee640fc430a9a5a66846103166ed31e2a76138eec1ac86a5597397b9d22c5557f9666dc0b672052a2fd9d747cb3ee316631d5ad3b099c6631f98f6cd275187b0ee240f491f4fe175ef18cd10263f2cd0d6751e9ee5f7061954cf784fbf144e98642f73e1b26f1ab2259d912be194c6c8db34a4c70a16703f486be770f0e4ee1faf676f70558a90668db53eb42ee68dd323ab19c76e3861fc842aaa795eb52a4cda8fc4d277732c89b76abe82e611665098ccd9816c0ea27e18133207a63f91e881d7ad0770e89a4b669d488c0369dfccda3a986eb8b7158b1cea7deb86eb897a6e64044b974c7b3d05b3f4c781d9e5798eb33a34d2cffb2f6ffe493fffd9);
INSERT INTO `usuario` (`run`, `dv`, `nombre`, `appaterno`, `apmaterno`, `user`, `contrasena`, `id_tipo`, `perfil`) VALUES
(21189889, '5', 'Javier', 'Inostroza', 'Marambio', 'ja.inostroza', '21189889', 2, 0xffd8ffe000104a46494600010101004800480000ffdb00430006040506050406060506070706080a100a0a09090a140e0f0c1017141818171416161a1d251f1a1b231c1616202c20232627292a29191f2d302d283025282928ffdb0043010707070a080a130a0a13281a161a2828282828282828282828282828282828282828282828282828282828282828282828282828282828282828282828282828ffc200110802c102d003012200021101031101ffc4001b00010100030101010000000000000000000001020304050607ffc4001801010101010100000000000000000000000001020304ffda000c03010002100310000001f732c72c80200000094024c814458005128011445100580000140000000944c738620852288a0002831f9dfa6f22cf9e6dc353bbdef95f7353b345dda9e7fa1aba4ce9171ab70d5bf58dfa3745cb1cb8ec00202820000165004b002800000000012c165000000000004b08a31000000b28b28d1bc7cc71fbde3ee69ece5ba9f47b7c9f6359b96190318ce716fb77eadb0d3bb0d11db963971d80000000944a000225128a0c83600200000004051280000000251018a88a001002d0a8b35783f49c55f38e9d1b8f53cbd9acfd038fb4d8c3338fa393be328cadd7a3af41bf2c72e1b0082a0a00000082a1285148101400001a976bcd87a6f37a32ea6395ca55b2800000000040251009605a636814812a2bcdf3fe83ceaf31d37a670ede6cee7bb55d9596e496e4ca5c746dc0d9963971d810002ca00001000502ca4000000213c7ebf3e759b36673b7365b35c777678de9de3d035c8000000000080b2c004a00000b2c165a98e63cee6f679359e4caecde72ead7d5a9d3d197b387cdeafadd335f238fd1f9a70658e5cf600000000094450000000000025c64f16e9db9f4f564b7b6bd5b704e7ead7838fb379fa6f00b01400000000200b00005001289412c2dc46ae6efbbcf27a7c5358fa2f53e77decddc88c7cef43ccaf072c6e3a54a105415054a0021505000000000031ca47cf6585cfabd2619deb84d91356adfa9cb67a9e27af786d1720000000000450944511615054140000032c6d95099f7f9f9d7b7afca9676e8e3c05971b594012c00594012c00a00000000004b8c7cf636e7d5d9bb46fbd6a99d7a7a3531cbe9f99b6f1f6d8e5798000000000004050400005000059600815948932b82dcee19dba72c72c8001288b0594012880a0000250000946adbcd1f3bd1c5db9f575eed5baef3949356cd6cf2cdda6f3f6f669dd78d298ac0000000040500002500000504b0582c52284c8619c186400105416512800040541400450001144f2fd2f95975f7f176e7d1d3bf97a2eb6cc715cb4e5a926ac375e5ec6e96f1b712d9944800000008a0001289400000b6524ca1160b05419311500a40000000000400140000000061f1ff005df1335d9dbe67a53b746fd3b9a62c5ac746de64d5ebf8bf4778f50bcc059520000000000000000000160b00002cca12ca4b298658e4000000011408942804a0000002586bf87fb3f8b9bdbe879fdd3af5ede6ce6f7b5623936f35c3e9fe67ea6f2dc2e0a2000000016520000000000000142ca3106502658d2e58646acb1c800028800004a2504a49450000010989e5fcb7b5e44e9b7af9fae75d9b35ed9bc99acd1cfd9ccc61f4df37f4979edb2dc2000000000b290a46588080a0016650805522c2a524b0582cb065864619639005b88a800b710000002000a0000cce5e8f0daf3f4e79ceae9c374db64d8d5cae69a397b38d9c3e93e67e92f3e825e60b65100000000b0652109405000c80c72c4b6512a31cb15540000ca646acb1c85991894801480b000000040014406a39bc0e9d19d4dd9ed76d596c358ec95775c29871f67131a7e87e7fdabcbd385c014858000a40005854a45096002c1921100a5b2c882942250b0b96391ab2c721650a24b0ca2914620000000040128c7c8f4be7d756f6fc759b256b3ca6c6b0c7a235cf37c4e5e5efe6b39fbb9b75e5ef5c33bcc0b328b0201410005960b054160160002028a59610002c1605cb1c8d5963900541532220a805202ca200002a92639702f2f9586135d99f2a76ec9c324f43a3cbdb2fa77ca5d7ad3cbc8eed7cf9599dd785c7bfd1e57a6e7931c4d939b13ae72abadc953ada2a6d6bccb54c40000054c8808002ca1652288a2288b099e199ab2c722d82c08a48b002cca2c58558405404a258987cf7b3f312b3d7867b6cd3af7cbb376bce6b6dcb7af3ceeb73c1b3b3238a77daf3a7a64e0eadc30c77e4735e9c8e575938f57a12cf3b1f4713cfed6b4f533f2bd067616c96281002c00ca591052c1920a949288002e53234e58d2dc68b064c46588022c2e5252c080149422e0793f3de8f9735b39b66bcf5dbd98f7467d78f4b59ed6656795ce96ecce69d72b95d1539a75239aee869cb60c198d736c39dbb15d58ee1cdafb34b3d39f3746b9d2d90a0080065013284000ca0a9488282e58646ab28054a00000000000001973f472cbf2bc5bb99b6ee7ea9aecebe2f57376f5e1d6d4742cd6cb1acb3d791b204a32a825a6bbb2c6a9b46bc77e35a66fc4d736611af567a6e5d5c7d979d2d98d14000002c000a00954c59400678646ab32400558a2288a202a0b8e4200002f2f57165f21c9d1cade5d9c9dedf6fa1c5ad7d7dde0649f4997ce54fa1780b3e8367ceec3e86f89d27a6e3d92f4e5a3333614d975d329cfc67a3afc1e34fa5d7f314fa3d7e2eeb7d0bc9b8eaede1ee73ca5964001665880000284b294000004ca6469cb1c9016948a2288a3158014101963698ac32f2bd4f0f2f95d39274e8f438bd16af2f6e15cb3b4cf1cefc6e7cfd7ebe16f95b3d08737a1ab64adb872cbf43d7f39eb9d935eaadfe7bca3a78b2d4ceb716bb3d6ecf1fbe5efdde6ef5ecbcdb8f47a71cd84ab315114a962005116928636825090ca512832c7234e58e4016ca42150541658014800b00187c9fb5f1f9d69ddaba33be9f438bbeddd92d30d7c0cf479acb59e1baba74e8efcfdecbe76fa5a73bd7d3c99af77468eaa73f7f19c5c1d9c89d53abd8b9fce7a7bbcdb9ddf4be7fa12f95c7e973cd61e8e8e88f77679fdd739596c92c459562924b0b65005948094214b289289b35ec346786458000000a58116002ca5949393abe665f23cdcf29b9d3a76cd757a1c1df9defb7339387dbbac797bfadacfce63f498ea67dde756bb7876f4675c7cdd5a25dbdde7f535e8f3dc8f2397bfcab9efdfcbd565d1d5827367d19cd71eed99461b366498efd5931d99ebd9ac2c04158d2831b0649459400010a82a432b86669cb1c800000058000154c685970934fc2fbbf2cd5cf0ca6f3d9af397bbd1e0f4e6fa3761bd6372ce6c7b259cb8f64b78f675430c36688e3c3a75cd63d18676f667aba13cef1fdcf36e79bd0e0ed937e39e4b32b934ca54064baa67bb7f175eb9e496c8a228058a4954000100042e36933c7235652896000002800941712cb470757c8cbe77254d32ca2ddbab6cbdfe9f9be9ce9d9bb56d5db9e195515265946136626ad7b30bad187448d773c4ddd5cbd773a3cdf5bcd4f33af9bad3a3665935af2b564cf10a6669dda9cf7f672f55e76ca8140a050802000000960b28cb1c8d771c84b0000aa210a9529040ca3cd9757c8dd2de1933958e5171ddab397d2f4fccf533aedd9ab6aecb8b7adb9ebdc4b9e69a67562734dbce63ab5e32e4c69bba79b7d5e1ede667caceeb3d7e8f3bd05b86e868bb3026196861af5efb8ecdf2de76e34aa1288a04500548a2508000b0658e46bb29000016000b06526498af2aeaf8ce9f2b26dc336d9e3934998d59e3b63d3f4fcff004f3ae9db86e5c6e6dea6cc69b3673e49bb4e1a8cb97a35a71e586c9a9b31db5b37ebe831e7f57899f2b87d4f34ebeff3bd05dd6649ab5ed89c9c1ebf131afd9e2f46e65ab9954a00001014000012880b1899658666bb3231585292580a4585511618fccf7fcd4d7369e8d72e1b30d8b6658ae76646bd9af647ade9f99e9e75d7bb4ed5a4d5cae2b65c204a9bae153830eee446ce4c4f43afc6ea3d4e5e7e65bc99ef1d9ce3ab3e3dc6dcf5ec4ba3a35b187571f4dc6e4b4b2a400088660000012c00a04a26786669cf1c800000002a15c3d7f292f27363b3375e1b755d639e3b09113342e19e165f5fd2f1fd2cebd5e8e5e96b267969a31df856ad7bf5a6a5c13665ab236638e6638edb5cdcfdd89c1975e51cedda8c319acddbf93a0eacf56e44a674f4f2f5de7b45829140004961329402a0a9410b2893284d9af61ab2c330016a2a2288a259a178be4fbfc99acb7e3bb3ad3ab7e15ab30c31cb04d8164b8c76fa3e6f74dfafd9e7f6b5d3b355ab84c698dc531d57923a2f98b3d4cbc9db5e9de0a9e863c76b7eac74c39f5f3aefd987a3263d19e465b71a2e89737af474de79b1c99585a82a0a8000002515002a0b01963926bcb1c944ab3cdf34fa59f2723eba7caeeafa69e0ec3d8f9ecfe5e1969e8cf4dbb1b1ac66c89cb86ed2638ec892ca30d9846ff43c9ef74f63afcbeb6bd2cf9ba48cad6bc76626a99d93879fd4e6b3cbddb355d6df47c5cacf63579b0f53cd6326a679ae7d7ab6ccf4e5a6a7461cf8599e77b19cb396e084a85a82a0a832960b8e4421414108640b2c4658e46bcb0cadc3e53b7e06ce9c3565acec6bba99cc315cf2d19675bfa75efe5bcba79fa73bdf94cdacab659cdcde872a734cf04c72d7999639435f46aad7a5dfe4fa0d7a9d1c7d6d6fa0c33c535da4c756ec4e5d7d7ad7932e8c5ac70ce1a35f5d4e4dbd3b139ef56c4e4c7d1d6cf8fb7b36dc74e430140000000580b05885000b28b28b05b8e46ac33f9f3e6fc6ca6f16cbbccc6e36dbab22f4e1e872e98e5b30e7d6f5f2f6cbb739b8c764ceb1e7ebd479faf7ea4d0cf14c9286589bfbfcfee6bd3ede0eb6bb32d7d0baf1df81a94984ca131d835b6435cdd91a5b218657232cb117160cc8d371e85c72b80000000000000000160c802172d791e67e7bea78166bddaf674c5966a612cb70b77e1d5ddafa7876d1ab6ea74ddd5cbd5274eed3b572cb1cadbab76b38b575ea67975f468484336b1d1d9e7f735e976f07635dbd5c1d0754d398c3286bc6e26566266d64d9751764c06775437e18606d9a131963a7af58ebc8b9000000000000000000c8006343f28e5cb1e9ce6cd796d9c4a9122fa5cdeb71ded6cd3cbb6ac33c6b76fe7dc746ee7dabbb6619dd31ce268d3d30e4e6f439e678f5eed5738e396b3776f9dd8beb7a1e576b7e83466bb6e835d339f2364d7826e6826ebcf949b9a659be68c6cdcd0374c324d6eae96793d2c72b9a82a0a940000000008a00000000996391f8f2bbf3c2c5b9c624d9afb79df47bb5ece3d5a76e8ceb032abb71da6dd9af35df9619dd6508c6db663aba6279bc7ecf1dcf9dafa79d9d7bf5c3d6e8f2bbdd3bf7f9db25f46f09aed9c589dbaf93063ae7143bb2e3ef666cebdf73c1b7b72b9e2ddbc639292896e23242d02c150542d0000800000000004ca53f20653d1cf09962b620f57c9f5796fd5cb1c78f5cf565898596ddbb35e66ecf1d85cb0cdac8ca16aad2e669dba99e7e5eed2cf99abbf4d71ed9ae4ecd9e54af633f2fd5d5b96cc60e6e6b3d9eff0097e967eb767cb759f41978bd52fa1746d8cb2c33202658d2a0b71a501295050ab280020081480002c140b29f9143d3cf1c73c220cb1f47cfeacdfa1bab7f0efab1d8b755caaddb36196532267336b2ce67015306bb8699ad31d3b49a31eccece2e5eef2ba73d324de339315b79d1b31c159e5aa9bb3e6cceae9f36e5f47eafc56ecbf40e8f87f4f37ea2f9ddb9d6c636da0582816500016500a82a0a04a2288a2028171c8fc8a64f4f2c35edd6b8d3267858f5fd2f9ef6f876e8ab9de39e1b2dcb3c722e58d33d986d2d42638e14d594675e7b33b34e5b4987374799acf1f367875e7861b75eb364a69c3769cd0b5658b94a65612a5acae1737d0f6be5f3c6bf42ecf87fa997bf2c6e68140b28000b05414029281054a0114082ca7e4b4f5729af6c34cd98e6e36a2777133afa4dde5fabc7b366566a28994ccd9b7566996171b3099649af2cf2ac2e64d78de7b30f27b7cedf3d78e78f6cebc32c128ac756dd59b8994b32b4c6ca5960a19224cae192e5eb78f9e77f7fe87c37d6f3770968160a00000280010a9459402000594fc9ecbeae4c6c4c71cf18c2ae7531d989b3ddf9be9c74facbc1dfc7a4c76469b31d84644c6e78d4cd924ca5b18dd5263c9bb877cf9b9b6eaeb9c70cb1de70d79e055186adda652a5b65a8b22d94596c4a016d8cb3f7fe77762fe93b7c2f739e816d82a0a059401650409494290a82800583f28678fab94a24c72c631956a67230c7399bd7f43f27ed72ebecb3cb9f4c36419e53224ca5940965ccd19f2338f05d3be735dc3a671c586d25020c338b83218125ca5a450b09528b0b505b11dff6df9dfbbcf7f6b793a79b262972632cd8c066c06c6a95b9a24744e7874b995d4e5c4ec9c74ebbc389e8ce1877bccd67af978fb4f969ef756f1f09a3e9f9fa63c09f432df9e7d097c0c3e8f59f3d3e811f3dd1ed5c5dbe8727afc7bf35ef35c37bea79ef409c0f42d79af43167caf3be83cfb3e7f5fb58f4e7e2e1ede3b9e263ee635e1bdccd3c17ba5f0b0fa0c23c17baaf067d045f05ef53c17be3c07bc4f05ee8f09ee97c47b83c2cbdb667899fb3966e7ea79b962fa18f0e335dd8f14aee9c63af0e6c8dd34cadb30467191adbf3ae2c3d2a79387b74f027d1e47cc5fa787cbe3f55b0f91ebfa3d87e9c2000000000025000000002810000000000000000000000000140000000000000000000ffc4002c100002010204060301000203010000000000010203110410123113152021304014325022056033414223ffda00080101000105025b7fa3c95d6221df2c3cff00aec2926eb0e168d27dba197224375b7fa4622035947b3a52d4a10d2495cd2455975c05b7fa455575523df2a33b117751f032c4775b7fa4d7812cf0f50d5d93cd9ad9095fa13fed6dfe9338dd55a7676ca3d8a552e21310c97621b64cff00dadbfd2ab42e4e25b2894e446c5fb92ef53a17dd6dfe94fb95a038962c22121139d851bf4c3eeb6fc272b0ea9c638c46a17fc46aeaa432b671387a9dbb473653fb2dbf05bb2ab3bb2d9448485f88d1529db2b16111231b9f1ee4b0f2bce124223da4b6fc1ad2376916cac276707f8ad13a66c22c451495c82b2b12a49a961912c3da4b6fc1c43fee1d0f2a722f7fc6942e38d884ac53699450b365416df80cc47de93ead8a6ff1d8e02ba2855b109a92ca5b4c5b7e0e27ef4fa58ca7216df908a73b1c71e209624e35dadbf0198afbd31743189d9c1de3f9372e31a211fe96df838aff0092047a18cffba32fccbe51dd6df80f6c43bce02e964ca32ee9f6fcc8eeb6fc0a9f5a8ef38085d0c6887da1b7e64775b7e057fa7fea02e96317da1f5fcc8eeb6fc0c5d4fe63dc80ba18c6c5f687d7f323badbdf7b629ff50da247a5b1b2846ed2edf98b75b7bf2fad7ff9202174318cc32fce8eeb6f7e7f4aefff00ad36445d0c9317da82fe7f3622dbdf9fd6b7fcb022265f26c9324c87da8fd7f363badbdfaeed1a9de7021d0c648a7f6a4bf9fcd8eeb6f7f192fe7ff51202166c653fb53fafe6c775b7bcfb2c5cae244088b25932452fb43ebf9b116def56959557769091112c964c914fed4febf9b116deec9d8c44cdc484842c964c990fb52fafe6c775b7bb5e7624eed22c5859445932644c3bedf9b1dd6dee4e562bceed2122c58b16166c988c33fce8eeb6f6d98899bb485958b162d9c879509775b7e64775b7b755d9557a9a42cd0ba5a1a2c52fb476fcc8eeb6f69f6588997efac52351ad1c423346b46b45d1718f283b3a6eebf323badbdaaf3b2a936da4243763565a44b2b9a8d6cd46a2e5cc3ccb9746a47111c538a714e29c53888d68d4bf063badbd993ed899dde5291b9142e8b1a4d269349a4d0462d09b2f958d269349a471349667f49c2a09dd7bd1dd6decd776551dd8e45ee4725162a62a670ce19c3341a4d26934962c58b162c5b3b162c389a48c9c484afef4775b7b38b912dee4991442246046246258d269349a4d2692c58b1a4b162c58b162c5ba2c342ec45fbb1dd6dec49d96265df25dc82204442e9b6562c58b16f25b2688fbb016dec55fae225fd0ca684408a228b79ec5baad9b10bdc88b6f62bfd6bfdb2814c8448a228b16f4ac5b3636310bdc8eeb6f62bfd6b7d8440a484c550554554d66a3517cae5cbf819735a38a875d1c74718754d45c88bdc8eeb6f6310ff9aaff00a11046cb59acd67159c56718f907c81624e390a97358a45cb972e5cd44a654ab6275495567159ad8a4c4d884405ee2dd6dec62dff351f74448127d373b9dcee24c85c83b0ea329d629cef95cb92958a95895564ea366aca30230428234a2c2211f763badbd8c6cbb4bb914411043468386708e19a11fc9fc168b2c76c9f71d36529389098d9a8a92ed2113562733548a736cbc911aa2a86b29f771f763badbd793b2c654bb22408746a2a55b152b9c5932f2296a795842644d245121931bb90815a976a8ad3738e8c2f7970d3855a5614bbdca0c83f763badbd7c555d2aad4d52444810ce4ca93b2845d475a8e915a33a952323011b93a089d2b1a2e38d88b29c888f691548941de55a30d388a777c1ef87a6a24aa24a6f51c3eea04158a7213f723badbd6ad5342c4d5d4c4220433912a4d94d692a7f4a7448d0ef86b462eba27514a316ef3ca0c8b2e4caa2644bb6380e98a268144b1612ca2fdc8eeb6f5598fa86f9c48902c58d258d070ce18e98a2588c4d289e488886555db67062e9b0974c7db8eeb6f56bcb4c7153d52ce24080848b161c72ee772cc5112b12648b09112232a2ed523de0472b16f053f6e3badbd497658cac49dd8b2894c81116762c58b66c6359a223268a888ef1f148a1edc775b7a9899da3889de4964b2894ca62175d8b66d162c2165345447fdc3c5228fb71dd6de9b6632b3bc88f440a6531085d6c7d48893263de988b16eb914bdb8eeb6f4ae62eba8937a9b1744081010ba6d958b161a18f242223264ca6ca79586ba5b3774fdb8eeb6f4b135b446bd4752592e8814ca62e842cac58632521cb3592192454444a72174b1b1b29448ab7b71dd6de8e26b698e22b39b5d7029101162dd08436390d927d0b243448a8b2a42e86c93272650fe851b7b91dd6de8579e88e26b6af0d32990175dc6cbe5289b3592594116ed344c914b259d8712702846deec775b79e52d2b1b55b2592ea653299017818b3a91132e8b899064a64a44e45ae5256cae5fa1a21d85ee4775b79998aaa4a5a9bf032994c80bc93571c0713b89d88cc732522d712cae262166c643dc8ef1dbcd88aba1549ea964fad91de9b22c86562c5ba6fd36348e26834c8502dd311744b7a7b7b71dd6de59bb18ca97964c7e045364190174d86bad75318d971310ba2453dbdb8eeb6f2e2aa594e5a9ac98fc30205362164f2be4cb97351a91ad1ad0a45cb8e6875112aa3aa6bb914d918890ba1f721b7b71de3b792acb4ac5d5b8859db37d2b7890204589f54895c9498a4d9276229b34315391a246890e931c2c4c488c482cd64d9722bdd8eeb6e8b9745cb97cdf658ac4137a9a16761e4faa0c81122c8bebb1381a6c4c84b4ae311a9125511c444ab1395dd8488a239dc6c91012f763badb276455c54604b1e8f9a7cc3e60b1a858d47cd456c626aad4d528888f44bc1120c8b22c8bf0c91288d1a4b32ccd2cd25b2488e57350e66bb8a17211b7bd1dd6c4e4a2b1b8e275a53772e6a351a99ad9ad919379223d162486bc11641906458ba1f4343458b0b3658d228962c58712516518f74acbde8eeb63fc9d5d316f53eb445671e9649742e983299023e1658b1a4d258d0692c5848512c3434417e04775b549698ff90abae7e08444b388b359490f35d3029b20c8bf158b6562c58b656166f24c5efc778fd7fc862525395e5d0f38a20b342116c96532593ea890204442c9f85789b16eb6f7a2626b70e9e2aab9cfae3dca71121e48888592ca434587d512040891239dbcf72f94886eb6f7a262ebeb25e0a6882c9e51222164b290c631f4c4810222132e5cb8d8f365f3b972e5cb97cae5c7229c7f0224d8fad6f4a2457663c911c90b3632c490d0fa224190645e772e5cb972e5cb97cae5f26cb972e5cb9dd94e02dbdf8f86942e4236ca59a16485d0cb0d1244ba11020c8c8522fd572e5cb972e6a35172f9599a18a98a090bf063e087774639cb344725d6d0e24a24964f28b29b10989972e5cb8e46a2e5cb9737348a99c33842a625f8b1f0508ddc564c79a178ac38938128d86b3a73148d4299ace21c4359acd46a2ec4a4c84191a628fe547c187cd8f342f234389288d16362331543886b3b9df3b108a214e24631fcd8f830dd0f342178d9718f2921a2e6a212ef09c6dae23a91255875c8e2458a238b238a162511ac98a69fe4c7c187644b16e842166badb1b1b2f96934953a1c99ad9c46396572e6a35b388c8e21a29628a789442aa627f8d1f051ece9cba2c2ea5d2c6c6c658d22896b13649dfa18fc719d8a78868a58b29d74c52bfe247c1129485d56ebb971bcec692c32a3ed52593e87e54ca759c4a38a29d452fc38f869cace9cba174a164fa6dd0cab21ee3e87e74ec61f1162856d6bf063e2a55084aeb24ba575db3794d951f7f59330f5dc4c3d5d497e047c49d8a33225bd090d9364b71fac8c3d6d251a9a97bf0dfc2ca72b146a0ba1752e96326c931fb29d8c157b1196a5ef437f1d29d8a53bf42e8b75b24ca8c7d0fd784acf055af1ff00af763bf9284fbd395d795b2722431f81af4f0f55c2587a9aa3eec37d25ba974aec50991eebc6c9b2521bc9fb77b185c46929545359dcb972e8d48d48d48d68d6710e22388710e21ace21acd6710e21c438a3ac71ce394ab2d7c22587ed523a7a2c58b74d2767467d978d9564365fde8f630b5ec7c847c889f2227c889f2627c989f2627c989f28f947ca3e59f2cf967cc3e61f2cf943c51f259f219c791c691c591c591c491ae46b91859cb8df03127c3c469adfe331527cab1672ac59cab1672ac59cab1672bc59ca718729c61ca718729c59ca71643fc763114f05893e2563e2563e1d63e1d63e1d63e1d53e2553e2553e2563e1571e071254ff001d8a672bc59caf1672bc59cab1672ac59cab1872ac59cab1672ac59cab1672ac59ca718729c61ca718729c59ca718729c61ca718729c61ca718729c59ca716729c61ca718729c61ca718729c61ca718729c59ca718729c61ca7162ff00198b472ec61cbb1872dc61cb71872cc61cb31872bc61caf1872bc59caf1672ac59cab1472bc49caf1072aae2ff001358e5358e5154e5150e4f50e51317f8999ca6672c99cb6a1cb6a9cb6b1cbaa94f0356353fd6bfffc4001e11000201050101010000000000000000000001110210203040501260ffda0008010301013f01f15fe097a30411e5d2883e4a9723e6a2f5f23e6a2d254a4a947245a08e2a30afc9a70abc84524debb478c85857e4522c1f9148acecfc742c5f8e8a717e3c124e0fc64b3641178f016e81d2459f5d2b0923548fb579aaf24f9085b1b249ee5b5a23c1431907c902ca0822cfb510411783e48b45a3063ec58c11a98fa15d6c5791b1e6f8964b19249bcd98fcc7d2bcc59ad3384f4d39ad1127c9f38cf1493742dff507d59ddf13782446b9d6f89dd14ae77ca96b59bbc9f44f2a16b569b4927d15547d6b8236d3b64fa3ecfb3e8fa27aa916b63f0109e324938363baeea58b72cd7427a5ee5cd2279bf018b1452f27f8dfffc4001f1100030001050101010000000000000000000111500212203040107060ffda0008010201013f01fe496357aef8e971b458ebf8dbc6bc6bc6bc6bfd8a13f069ca7c842615ff00357b17b961df25faa4369b7e3c4c26268913eb78842fba98de21217dd4f19a997a27d84e53d5abbb69b0d86c210dbe9d5d88489cf69b49e49f350d729c74a1227433693ccd0d7569175b1f9993a10b83e9687e0bc60d74242e89c5a1e9f02114a8a8a6a1f242294a8a8a52a2a29514a8a86fa5657fffc400281000010500010206030003000000000000010002336092312150031011203291304041122370ffda0008010100063f0214ff004fc62b250ad0a775fc82a9e9ed085642154f5f70ad0aaf4f3ebe42b42a5d7de50ad0ad0ad0ad0ad0ad0ec47bc0ac9ad8ac942b250ec27bc8ad0ad0ac942b250ac942b250ad0ad0ad0ad0edfcfbb9f2e573d88779ebd80a15a15a15928564a1593ff3515a1dafa76f1de3a7621fb1cfe4ea87f8aea3f2f23b38ee7d7b38ad0ad0ad0ad0ad0ad0ad0fd2e6902b42b43f439a50ad0ad0ad0ad0fc9d57a5347b39f3e573ece51a68f2f52bd1b571e5e8175ab8adfa560d68d68d68d68d68d68d68f6ee573dacd68d68f76e7b21ad1ad1ad1ad1ad1ad1aaf3e7cae7bff2b95cae572b95cae7dffcf672b95cae572b92b92bfbe5fd4146efa51bbe944ec950bb2a276544ec950bb2a176542eca85d950bb2542eca85f92a27e4a89f92baf84efa51bf2547e264af83f2be0fcaf83f2a37e4a8df92a37e4af83f2ba31df4a377d289df4a276544eca89d92a27e4a89f92a17e4a85f92a176544fc9513b2a276544fc9513b2542ec9513f2544fc9513b2544fc950bb2542eca89f92a27e4a85d92a176542eca85d950bb2a17e4a89f92a1764a85d950bb2a27e4a89f92a27e4a89f92a17e4a85f92a27e544fca85f9513f2544fca89d951f8992a3f132545e264a8fc4c951f8992a37e4af83f257c1f92be0fcaf83f2be0fcaf83f2a27e4ae9e13f2544fca8ce546eca1fea7e6b7ffc4002b10000202010205030403010100000000000001101121203130415171a1405061c1d1f0f16081b1e191ffda0008010100013f21f1bd03f76517a501a2a8a11589d13b4634d190cb27aeac33bc998f1bde5f1542d8b936570d4b1148f6b86ecab52345509ab37761e37bd571ed4a986a845d36411e6ca95b68bf213de47aaf5478dfc26ad1ce4250858675452953d8f487d26397286343b436878dfc014b95a69c184358a14c7545f04b12c12a4962543e37f0b50a58d8a1a997ac8a88ae10ce9e4254a28ac0a5e37f007c344874515451ba29dca3765ba10d815a4f1bd8d67a2262c258afea1c2e26342090b7390a0590b3dc5b8cd8c41e37a75c35030128343d3de36c7a8ae225a19b058c315b613362b51428a81b1210ec5f34195a78dec3bb2b756540b0d0e91972f65b11cf51715b94daa069a0c43c6f61dae025a121a18a564a98a8f65dc50706e01508e46d9d83781e37b0b65c3804318d0d09db05abd9d1314f617646b728c5991e8bb6df63c6f617bb85c43195266f682e8b168c1c8928f98c056bbe478dec3b9c2e3eb62a3da1098a1c8b4c3678dec2e0da30b4ac62af68bd26cff03c6f616a88ed8a14314dd828177b19f053373b1e37b0b539686d914ac4b5057b02870872a1c6f763c6f61c1ce7336c50a1b18da3860bd7d6bad346ff0063c6f61a6963dec4c0e210e0c60334a36b4bf67e678c6cf6f60dd1add1b63e208b2c6e2c266cab49fab5c5deec78c3f5f83b1ecec17029b0d8d8f16c98dbd366feb2cb2f4d0e2a3c03c61faf6c8c881b11b863c4d685439e95ec8e799bbb0f1bd7bd8dd89b50d8997a00d9f43af48a1e87a373b1e37af71ef733048c9084d96c665c41312859a2b88bd2297166f1659b9d8f1bd7f229a58d646c83410d0a29b26ccbf6472b46f763c6d4a1fa770b9020905068510d836a1f154ae2395a9ca967f91e36852e57a64ba924c4150685c4704360a1fa05c75aeb4d58b9ec3c6f5d40b5d5e8024108346d86c19a43d0f8cf8ab43e023c43c6e2bf42a465dc68aa4148dcfb9476fd0ad4e5695a5c2d48f10f1b84fd1d1181744906141809963e078e0e257a1b2f454395af73b1e36a62f4ad48ac57168242d06d0d1b05122a0da4f4a87a5fa27c051b9d8f1a54b85e9131a568d821681ab286b4596b507a543d0f80b82a5eb51b9d8f1b459715165970a6b81451438724a219686242908ba02eb0d0683523145150ecccd150e1145f011456aad14514514514546e763c6e2a850f8365b66076409e63e024c4c7c864b22c204e20cba9d6657a9f321f483ea0d394285049d02eba3e309dc90bd7ef763c6852f5b950e50f4a9411644ea059c342c456a1dc6d01ccb2c3b7152596978d7303c2502d0f84f42d2f4a8f10f1b45c514569a2850e6f4b995b2a15905638398d1779fdc50283b0ec3b61db141434543b0ed3e01c02b438bd35a5e8b2cb2e6b428deec78dc55a1f070e18d61d116387e231891025121493b34bf6688b4031421c31ec3b72cf5bbdd8f1bd0be05c99b0de04b4295058a1450850f481a2b4d1450d1506a42db4297e8568ddd878dea71163163ebe854a13870a59454945432a0d0d0835336716f8c8dfd878deab6ccb37635212cc5a2142cb10988ad691450915062a1a06371b3d67886df6e2ae23666e8cdc2140b48521423a95ea54a728a7f2622570b2e1c2862886adc69e67503ea0d0b07711c99b61f1942e16e7636fb7a9a8e6162e6240c584e8501fd4ee17c8f99095f315cc5448afa628849ca31af99d48c14a05dc379b21f16a570b7bb1e3685c452b58cd8a8b8194371626586be435d2caf942a1e6c6855f332659d4898e0a050f71a88b33710d94b790511bfd24b53d1b9d8f1a5709c2872a1cad38f672188be2a06b425ee34bccbea1ec04a8482a1685cb0ef239ee603642cde45b45529c22856321216356e29b28382fa470f5ee763c695a2cb2cb2f4287365cd88ea0e62082e0a28ba1a892de45da5b8d3b940cf34cb965bc6c9895bd8a0474587a43da90f690cbba63156b06ccb2234606a0b36c390bbd87a658397a68ae232b56e763c6f50b62a0e66894a2e2836c84d6d87b48e84b464a60eed438aa0731441b8418b8ad3762109b4a244b284e8679b48a8270be0292d0ee659c75a9cbd1bdd8f1843e1bd4a58a819e58936c2c6c56d1c847d4427b6548da1f2a1e102012d8d5393564668533094ed0b7a10c50c1c54b3546b30b82a571773b1e370e8b372b4a9c115e131bb64ab2a5d820af0aa5b0918d07728dca0ab8913d3c0f2f47da581b1b546e86c5a025085bead97a54ae1d966e763c6f46a52dc8c7e44851ba0b8120419e80932834dc8f899f08914096cdda0571a0038f3042848a9437435f196a7a91b9d8f1b8eb536630d22cd8a5be1b44c451465ae160a128ef3246287185142424568438d0bd2b14ee763c6f4884bb235d1665be1b0482d350618e0450c19bd0960c6602aa0484a14a2a7b217a5629dcec78dc25c2a872898979839dd0d9a42950d068a2aa398e360da2e04a812d495152e1b61711f05e8dcec78d0f8ce70dc5786658dd073b87cc5f104210942b4349418b9187c437940d828702a286ea14c1310a56a7c17af73b1e343e03952e39645ee2b1aac581a10651504b131150a45048221e42c4c6169a18758e5c348630a2e783aa2121705f05ebdcec78dc55a50ec0addeda08a2862898368b224210c34b5b158a6a3f008623666e82631b81a5ee62b6c8a4170dcad4e568dcec78c3e3f32c3238b10b4319b85171af6282ec245e860a544940d504214dc6f16f07b153ed7c64f8e8dcec78da28a2b438a28a8458cb548cb7922a6a1ba3b6765e8b82090f28a5d95c4944b128c136ec2d64bc88e48421a89adc2365fa0a28dcec78dc27a7a8a1520e658850852a5bb83ecb1884cb8b50cf93b18c1f31f31f3967168ba1e503620a10c199295a9fa3dcec785c570a6a2f8686a15a5c1e55b04b12314318e0996363cc1c36d78899cc5586cb131b105c285a9f11c38deec78dc6a65b25b09dbd0a2865c31a37c93e06138631c0650a132a4c68a128344cdda3dca37718ae3ee763c6e2a39d172c512c0820943d0c43607c1807c4986c62ee0e1a7512b98bac7ca27aa1abe6869d5414b683e51bc05a8a14d32cc86125e89ebdcec785a1705236da3262090d0c50f49c1b461f06089b1b2c6318c822e01a14e0f98ea8a44c3aa15bd9f197ad0909083d8a0ce14a97a25c2dcec78da2e8a0caa53a8ac32c7b1852c28b47a3a18c0b854d1ce53e90a86343562dc28db8cdd92b414b7b896b14389db45508509856d9445165965965965970e5970a597ab73b1e34ba2d98fa1670d0d7a8ae3b07548ebd1f2a195241910a2091450934296353d32572d0c650d4c3465138aba83512d09e63dc23a99a90ec85718e5ea7af73b1e34358536c2c0d8a3b22e3ea093ccf9c65962532115a4ce14346c57ad2b931c8b2ca1687f031665a04c262e3a23f7151c77c25ab73b1e30964b670eb18422e58cc8a84282121084828658da1620691431e94d09c855115152564eaf575a773b1e216ec7b12762d0d971567c12212090841a89063d46ce8213b2a1cb8a1c1465a25082c58c3321b3d7ee761a91be850ccbb629b9597984686245041212361b8620b5ed89724508350f4d08543851658dc4feb9386f011526b61aba0850e18d976cc55285e74469336c4c29516270c30d818618c0d0c343e1a636382c732f601bbb0622c99b10a1c328ca57c8ac41acf00082082e8596364636c303e714f40c596342cbd4861b3b8752c63d72397ae66fec2d370852e32d200b79931b4105d4632c68b145789a9ce4382e4bd2761b081ade44af5e67f90dd8e139b8b91b9418b7187169189a10b0c630fae45b2c6c7a4f518a8e2cb13841d78c4af6067f94b138b1b143ae2496850820a0a5e82c8e9964ae8b07d1150388e171a0ac2663ba0a252128a5d3d8d9fe50e1287214686848482108b2c6e1143174899635140a6289591961c689c606b71084a12e12f5cb737764d695d4291085a9432e2e85e58761aa041584c20adee257169e4545055c852bd9d6e6eec396a63c589dc9684a142122a18c61a0e54745850364587ee14c9a17c62dd042d8f9c621bd46753e10d721ce10a37426aa2f84fd5adcddd8721c39666321c4d0c484104a149094d8de825b0ed89cc4c10f78b10d8f9460d65c11450244451bb1b5962edc4313bf645b9bbb0bd6c1722e2861048508484168693cb40d105a53ac4cce17365884c4e1319cd10ee6d1cf51ca17ec5ccddd9a1ca1a998b71ad08a189094284210a1d0731a9914290d6e1070f5d08517098f47303ae126e85b4bf5dccddd92c72a710d0a14ee1690c7142152d4661ae46850ba542117a50f0d7562b70421faee66eec2a2868a28a85865530941451b09c116363715048a83782a45828631b963534250a6c4e5473071b9bb3435af60cdf60a5a1a970e6310f685a490989c3848a122a5523e681c18e58f4b10f5a87a1fcc2b034f5af53e00b431e95a429a1d3286a6b43104b430e62331b86318e5e850c5c1438961262d2d0a5715e85c2f004cb9686b431fc0d6cc25a08a12b850968b18c10e6318e0e58e2b42e23b1982747528af4965eae6789ad8b43c31eb267308a10b82dc5806b918d8f5152a1712e989053e6cbe12e15f0399e316a2c5701433317d2632828a16b72ee70d8c31e8621cbf40ac311412d72663a96ba94ea53a94ea7599f268a2a345050a143bc70bf98fa1a2dd51da3b90cea505052ab334a8dd176b4940f4a5a3342851fd422a1d0f064186c6c750f4b65e8fef8edc83568ead24f7d68fa8d000a953fac1f61fd4ed0fe28fea5fa8e846f2d9b39f263918fac3bc6261db5329aff0079b6f34c406fdabec7ecdf63f2cfa1fbd7d85ff55f63f7afb0ff00e8bec7e09f43f72fb1f987d049fc8f07e6c78145fedcc907ecc7ec87ed10228d14fdd86cff005b9ff711b63ff59fb30ffef87f967f87e31f43f38fa1f807d05cff00c0f83f72fb451fbf7d8fdfbec7e11f43f2cfa1f827d0fce3e87e51f43f0efa1f947d0fc13e87ee5f63f18fa0ff0018ff000fc13e87ee5f63f72fb1fb97d8fd8bec7e01f43f18fa1f827d0fd8bec2ff00aafb1b77e47c4f0d7e35f41fe21fe1f807d0fdd3ec7ec9f63f60fb1f8c7d0bfef0fdaa1aeb9ca36fb9f9292c5cf33f663f7e17fbe3f6e8daa0dfb19fb71d7feb61dd87bff8dfffda000c03010002000300000010a823befbeebe5b2db6ca20b2cbedbefbe082082092cbe28e3bef9617b2f1b634252ea082f82f9efaa0965820820820825aa082082082086bbefbefaebbe61da45fd5d4ba820820824a20834e20c20c20820800822820820824becb24a6fb63c2f45955cc8d6a08e38208208e3c21830c308208c2814a2082082082fbaf96daeebf376d01e5442ba82fbea82082fbe096882082012bac9000820820820be58e79efbe5a8c9931e5a876a0820820824b2082082082092928370ec10820820820bedbefa20928863a974a9fc98a38e38a08638208208208218a670267002082082082c92cb638e0820829773b8b96a825bea825be082082082083400629880082082082082c82fbef820827834df6b8a82092daa092f8208228208a1c0c1916f23a18e0820827a20822820821be18e5b21a208e3928820be3820b2082cb68a95599a98b2c820820b20824a20820a2d8a0920b2e82082082082fbe082082082a1dc5c5720038aa082082082082082082892a82cae3aa0820820b31c208a0820825b4d65e8dcc43820820825820820820820821922822a6a8208608209289388208208b1415b001e0120820820be0a20c20824828b428218a4aa086a8218a0820c308208394df7df5838d09a0820820866cb0820824a24aef82096a9a28a28ac820820c3086f99a09c70972842daa08a0825be0be0b60cb9920363825aac9239a0820820820c34d76ef1966f40a30300c25820ba08288a0830921024920bea9629a2824aa682082ceccd8eeb37b90aace7904d433088208268a282682cb2ca68ae3823cb0e63a20ae297dd05ad442e9c824214c9111ce0b5020820820160822821b2bbac820838862825ae20969fe7065bf4d7ffc499f2c5af9408e882716286b8a18e596f8a0820820b2082097431bfa41578e1e76756d5d4f3eb27a48209248208ecb27ae6c32820824be48a282cd9a5d0411e73faa88c1dc0970abd4086982082182082082aab09acb2c8e09a89a097faf67dd059e07aa1203d40a5e5746e7b308e2a28820100aaa82aaa082f82b82aa249616906811fd0b97f48aba70e66c2a838cea82b8288a6928ae2820820822820913e2b2f8f758ff001d61e2b2a15ca0e1203628a0862befbedbef8ea820820920a2aae4d4104055d539a41a2d17e33a5277de880220c20a67beaa209a5a628208298e3a669e9898b6fd3d98688d16f4e6a0ff007574a420820ce49aca2086a96782086cb2cc72df409a3edd7d2b8b6809df9c38e661830a1392a82bc22825aa182a9a8820b20824ecee3a00bd3184cd7995cac13b45c9e70c2b7afbefaf1defbe39208aea268e6a6cb1598c54e174effc39d5d68238b8f8750c77c8ab2c9ea92cbeeb2382ba20820820af1b9a206743ae983d545292457aa1b8b1bfdb00a4bef86282fbedba48aa8230c30c5bdccc12d502b13af5f6aa59cc0d458deca940388208208208e2a20825ca11a3845133b197c8750e8a73c710c5485fa72779d1ad32c20820822a25a28961d7295a7d308dd3c095f73eb23d52143056df9a19a537e63082082082c929820960962b088ae8de90a19d43093387655070621f18e15c18d7b04208208208208208248218206128a9f9e5ff00583a31fbae1009e7866584524440eeeb082082082082096082082989dfae60e7073d8376ba0ff2603367e3a7ba7fca70b938e2820820820b2082082082af8dbef67bdf1d86b3fac75b0cd07c0f34ec6f3e31bd6fae38e0820820820820821abf831bcf1d141e1a10f3eafbb9e7ed2ef5b2eaa8bb2baa7aefeb0c209e1befae096ab30e18f894547cc886bfccc61df8bc7925e4300ce086fbefbefbe38e092cb2f826b3f2b0236e9155bc3a56e7f106c4ddfda525d5626862abefbefbefbaea238a0b21b69290d487a17df667630df9ef40b56d6ebad6f9f2724e2ca65befbefbe99ea82fbe59afed7a7b5ec1bba47e28f901e6d33b6702ea8e5cfdfcf65befbadae89adb2db2c961055f549ae82ae0d4a4090639b30dcf62dbc9bfb8e4583c63f7dd5ce367177dd7d14b7f1ca87b1ea4dcf6a7900044eceeb0e51c3cdfda6b0c712d25f5fd3ef3e7ce7bdb8420befbe7beff00efbefbcf7df82fbef3df7dfbdf7d8bdf7cf3cf3cf3cf3cf3cf3cf3ffc4001e11010101010002030101000000000000000100111020402130315041ffda0008010301013f10fe2642cf0cfe43e91c3d93e47d79d0872df06edce9e86596496db0c7a7a5990c67a690e11e926b1f8b248cc7a4648325df48fdbf333d059e933137d30fdbf33330f4de859e89fb7e38cdf9bfdfe38d65f113649641bfc9673793dd63ec9725e5fe06f8ae43b195bc33b7eadf6d8c638cfd77d87c4c33acf0fde7a796db06c62311ab78c2799267d79eb1c0248eb09e18d9c67be75b3e2239b6dbe29671a4e7d56798701f8889e196736db6db6de16cb6efb41c11136cfd4cc7de7d6724b11bb6dbe3b92f0e3f7e7da191333d0f0db0e084bc4ce6499eb8e13336c316596736b7044f1ebeab111d06cd388c8b2ce27824859ec30411c3a9c701931a81189981132493819d0db3d40d838759659c03acc459249e29ea1e0590c30ef36db7c1eb63814bbea3260821670883256d9267885873a59c2ec99e3b2efdf90410748e1d79b6dbe478fab9b0e3d23c18fa599f5463b6671e6c37cbc324ceae70364bc6eccbf76f99e07e9bcc9e52264f16631f63d5c9bb876210ebdd861b778c707a765bc797d07c2db68c5b91649b271363e2187a7e22fcb76cf0797d05f0feba31d7c08ea44c737ab29f45e1f37cf061d38f1ea97638392f165b6924e1abbe966d918cbb6591dc924c9670913663d0d5adbc4d833c73ed0e08fcfa199bf27b7e53c3e5cdf58e3f996fd2f14a5b6deee5b6c30fa7b1cf8bccf9f31b2dbc17912cb208f50e7e705e2dbc6d965df23d595b1e93d1ce630ef5eaca5b7a791e03d3d9f98c5bc36db2db6ce5d9b33991f16f89cd8618779b6dbcdb6db79b6dbc306c6c6c6c66f0d2d25b79f981db1b1b1b1b1b1b1b1b1b181b1b19d8d858fb9fe6ff00ffc40020110003010101000301000300000000000000011110402021305031415161ffda0008010201013f10fc44c4c4f1ebfc65858fa1f1309f95c8c613e0a262816121fc14bc2ca378b85620c21b297858fcae14270458b898fcae2fe899444e163f2b8965132f0b1f95f909e57e697e516afc94f0b86f617e352fa5c4b921fc2944fc52fdf38d971eaca52e2fc1631f85e9385294b8bd2e4a3634326891084264210684b1799ccf57a7ab58b17e23f4b5753f82975098de4b882ada42e2faa97ef7e108820f16ad7d6f1e3109c1328dd1e2db0a365c4cb7a19464834242545f05c374a27946f1926258bcef5f9516ad7e97598c5e0f57d2b9a946eeb1885af26cf6b95fa6310be97ab572b1f96310bd2d7ab57de8852971b1af2c684a0b5b11048841a262442702fb21ead62c5af5712544891c0c6c6fd3fa56bd5c2a8b0841a24324d5f6d2ea622702882c96cf570a170c35622c2fef958bea62f2b86094c8a1d108426582f9c426206528be487fd092d84ecb1796a8ab0c2c5f3cf18bf048fd31784b9a51a12d9468618f871cc3425245f3f212989521f215116884c43434241d0e7919fd16c9795ab10498d0d64f0d104138d906851c0b56bd96a13db450f870414688343bca4ca2ca7f7241632dc84c42106880a6350a2c4a9312a4210842106192ff0024e4c208108426a102412e4c1213a13847fbd040da1a2091048841084213213dbfc7ffc4002a1001010100010303030501010101010000010011211031412051613071a1408191b1f0c1d1e150f1ffda0008010100013f10fc07d77a31fd51f51e99e9cb2cb3d63177e23673dec388e04958c0dec89ef6011f667830e3e6cfdcfb48e58edd167bc90b93b3765240e5f03b7e03d0fd13ab1e963e9bd5f51fa16419f4ddd24c09db64e444d3e2f6822027725e147476f46d6662ecc30f75f80f4e742cb27a67a337d4c7d4ceb9d0b2cfae9b333e9641904710f1a73639d30e26cf8cf997b26e787dae4f62f193c1c5ae4de36e721139b47262aa2d2f09bfc5f80f59d5f51ea63f427e88f5e59d77a1d10831ea10ac788736b62d1003eece9a39b479b4f7be13f0f7b1f187dae48434e2d0e3bcf4df6b1e0f66fc07d57e89ff00e81e7d57885240e5a48d9292440bdbb49dedb6c2bf10883a0e3a2e722fbf7fa6fc07d6cf5e7e99b7eae4f4cb2cb2ed6db2ef40d833a6ddecd32114199784827047ba72ce32c31e5a82380b43b4251dd60076c86cce1642f9f35bf01fa7cfa9bd32ce98f57ebbf459641e83a28dcb675339f164c93e27decc04cd9f84346288bf031e163b63ed708efb5cb9f706fc07a1ea7d17a9d48ed6599f4734b6b59c7974e7bb227311e239fd0bd5fa21e96061f12f28591cccb876c58209ba24159e089338ed20e776cd32ef93a57be37e03d0fa37e83d4ea5d96cbbf4373bf798abcc94333e265e6167690f179a5de34b509fa17a64965926f4067a76c9eb9c5826d444f6cf713b4260d22e8f9880928a187cccb5335465c4706ee37e03d0fd47a9d484ceff004927b147ef0916f82c0e09fdaf7530e3de33e75bb1cfe81eafd47d25928c0a05cbc462d9b08ae3388519281ecc877099085dd19d9891ce01bf01ff00e091b83e5b23a5c11b425852723a49dbf5cfa186c073290fa16207109e4db30cdf17a377ec8fbdfd5f80faf9659fa0443e2787eec98dce87c4ad21b939883978fd1167a4b3d59d72c9ee73042e2431cb897e6c284c7cc03136eebe5969266c42e72bfabf01ff00e097b1e2783eec984b4e90fb4fc20fb41ded36459e87f447a8fa8c7430fbc07c42849de3eee620d4dfbce1c0fe6670b6de1dde7e2fc07a1f51fa7fc09e1fbb6216e5dde890c2eeb23ef7da1fa87eb6cbb9765859c19e2e64a7c06fc07a72c9ea7e9daab69c3db63825ed28e648c398e097c5e2e7f44b0f5dfa99267a0e84bb426d0c9f3f85fd5f80f5bd4fd3ec316bf303177ddb09869d0590a26d90f4cb3ebb1fa56dbd0583cb33f7dfd5f80f5bd4fd3feceb83786ed5de436164985b4f9605dbfd09faefa4f0bc7d2124b3eebfabf01f433a1e9c9fa1b1e9d8e8d7f9cb17cc3631724b8ce59ad3bc0d588cf79b0f416593c641b267d1dbbd9e96df59cc06c9e25e8396ef781641649b770437eea0fec3e91ea7e89ea25037627237db64445c28b7bcbb4a52e2c9815c92e5379f10ef77c884b4f7e9e1131f44f53f408e8f692cea36c25a7bda7bda6259f717e3a7abd4fa2f53eb55c3e7a4c2774e592ee1e60e66e32aaf19111e9f1fd5f9f57e8b7e73fab97d8433d1967d27a9f549e4a1517cccc0460e5886384af419c9679b52165ef32dcc3d1a8f7499faa1cb56ad5be8c43320d90179c8efc0bfa91dcf0fd01ea7d4f0ec588f897f72edeb1a79246f72c61c929383de03c96437cc42fc17e1ea3f471fd2e3ed67a3c627b58e388bdaf2bf01f54fd177601a7b5f99d3647a2708a591047b2dfb91c1f63eb9767e93cfa764f5f1ea5f92bf01f533aec756dfa7d996be3e3cc637759b25dcb676e98a513c48b3bb7bdf7b9d036c58fa65d9f579f4f36433a30ce9a8f74996ad4f7efbfabf01ebcfa2757ea3dd1361bf7b143921c32484acb7bc22cb8ee7876cf32fe3e8712b7e991dbae3edf4b24cea1b6743af8f5f393bf546bf2feafc07a336cbc27ab36cfd26e36b9b26cbadc31e630e3a1c17237e55f89d47d4596f4f3e99667d13b96591cdeab96f4f1eab2de9dc5fdcfeafc07a3cacb253cf4f2b3f49a6716c9f7b9e23b7441be631990873a0002cff00753dfb7033a0e99267d4f3e8f12efd2cb65bbd53678e89b63d205cc387cafc07a06db67a96d8fb7e8895db8a0e37cd9a56e6ed7b45910e61bdb997dae089389304f99f0b9e238efd07a19f4cbf9b51d33d39e9e1ded3dfd0db6fe7d3df7e42fc0754b33e86cb7ebbd0586467cd9f4905a1e859b2e2d0bb5bb1b8a7cc093db2d1f46dbbf589667d21f3d0f8eafd13befc85f80e812f177b24ce816433b5cfe836ef1ba66fcd9f32efb9d872d1e60033a3c2d2b3911404e2189608fb48f0fa3278b7d01b2278f465dadb64db27897a8e5bd4d8e239ef63a29e7a79596c16473067371f957f57e02627b41d5dd01d12cfd0ecb29418ea75b2f16047b041f695ecdf23253b4906683b61e24c77dadc3f49e13f40db6d94cefd31fa0396f4f0ea5b05c5bd05f94feafc075f0ebd979bb3f46727339e7c5a81ef11448099220275098f22c8967a71e83d3e3e9f09f4bb27d45d9f41ea7e885f94feafc0751cb56addb16e5ab56ba0d9323981267af162c408ec0868c761477600c2d8f170f6b2ecc67b92b9327c9299a96733c6617b30d6c8b01e250ccb17c3a37e482ed967c2d239ed6be211ed3d436c4a7e82b122cf41cc06ed0ef44362c58b162c4e2dc9efde7f57e03ae3ed63edd0b67d18de53d05e5d71f46da7bc80e5201647ef30ddc3b49c988396ec03f996f76ce7bb3250987cb7bb60fcb27b8de56caf789ec968d1bb211f76f87fcc16eff345ff00d20f61fcc0eebefbe4b4ec90fb87ef3fbff34ae67f3dda93f7847b3b70ef0ef6f467a18b4f794b6c7dba90cf3b07a74f7b4f7b4f7b4f794c939bf25fd5f809f43cbd7d93d45e5d0bb3a0eadb26e276f23108ce093c9007360d8e32e52996f78d437c4bf6b5ed7c5333bddb94bc82e2f32a133742bda4253da47cb2cf0b1ee971099e247c9e8ec9fa3e3d4bb3d3e3ea1dcbf217e020db27b7406d8b163d0f362c43a7975112ef4e7a7710a63e26e4f78c045db27247bf106704b1a378a6c9d9e811c413de11e197c97dbd6b7e21f180fb20fb587881ee589f8dbf692f89339f246d991c69319dc7dec2ed60c0333a69ebcc404f4f8dcf5116ad5ae89b63a73730823c3f2feafc05b6ca677bcc265b6dbe8d95a7bc1d3cbd18fb41659270bed00805fbcba9cc1eec9c5329c32bbca24696b38863c17b5bd9cfb523dac7b4d67dac7b5f6df6c7c904f1063e3d0fb2441be09f84337480f890f887c971dd0801a92ef4c7dbae49099e94db2c7dbd38fb7a38b2c8b4f7b9fdf7f57e027eb6c3b797a36db7a7df13c6c03d9b86e0361065db73430e8f0e8060b3041b3667abe599d32231ebfc2e38567cdd8e8b2ee746dbbe96c3bd165dea390db0ef5596f44d48e7de7f52fe075d8fa8392efaf2623f0cc473bccd7083bf3330c82e4ce172c6032111b3e365d01e251b25efd161bd06e0bdf649ef15c7691f683ed1bef62c62ce622ed172e857a0f4d9e7d2396a5debcc1bde0cb25ced0ac91ced9d1733fe65f80f41f4b2cfa5dcfb3798f33f39e0bb048cb88e43a7106c1490f320b0b2e81ddd91ef6459d38f3710f43064c8be19a81dd2208fca11bb8cdcddbb1b27eb711d72092cebd936fc85f828fae4d93d6b65f699efdf94f6681621637cde4ed5de4137ee25fcc23c883f117899ef6f3162cbda261138c825d3093f7bbf0bc72f62bc4127cdee2de5b5c4ea764f5cd83e83d5e7f453639f7dfd43f85e80db2cb2cb2cb3a0e5b6c36499d03d0f7b6fecda3fcd95b79c44ce2985049f72ed897b82cfc96cf3047812fb625e61f344af0245cd2e1e3bb1ae217c5f28a7db22e52139a425cac7e1fb5b38135c127769a7329e4977212e19d6ec9ea30f127a8e603674f3fa2477efbfabf01f519ea377319963edd789879ecccbfcc35ef0e971a3794eb0b2cf3283b28f1cde291cff00c2cfbcf01618e3351b4880fb59e0bf989183f9be5b0f37df0aba59c07f9b511d2f2cb1ab761a0352ecc37ef78c905d9200e24071658c186747b4965cfb46fb47698e99659031d31f6f4b4f7eae7e7a17e4afc07a07d40bcba17674f1e873ab031f36abe6e4b92e04f47bc96a76b0bc96713bc88aecb93b2ef42f6688f726bb306567aa7bd816dc2c3364e23a82db33802247245a62dde8e428363687190c5774422f37636c89efd5ea4fd4f2e9e3ea2fc95f80f40e8f6b56ad5ab53da5ea2f2ea22d4bbd158e6e485a63b073fbdcd0edc08f8c6bb967d91573b446090f63cc133148b1322b07692757172dfec887998f16f81b1f6108e7991d2d4db241decc3bb259d891388cd0071b44e1b6a9a393223f7b170c35f789ed90ed0c7a6425c87a6589136596740db3ae74f0816499d1ed0c77eebfabf01d484b4f794c9f4bda7a1093d71f6b3a3c1b0d01cf7b4278de242eac4db1bdcb89c91f0b4c766d7b428206e6db858ac34e6bda2ac077df331281ee90bb8711fbe2eda6bf176933b36d7bcf603d91d38c27c216c07da3167cb6ee3b9ee42c77bf25cd3736c1507bd8a0fd99759b05dc1cf12700c64387de03ded3ded9e647da0f4323ed69efea659659078e2073ab2472076fc87f57e02f3bcbe9f8fabcfd05bae713a83bcc125b22ef2eee90a6cb8ec8eaa570418a5dad2d0163864e0122e0e49000e74469408f48d62f059731f165d39ec48213965376fac89af360c0782379c59104789c719ebe9bcfeb9bf257e021c977e8832d47bac75e7a79f4c9f27b5cc05cec063e2012d48f317123e25ee1b998971a469bc05bbb48c18fb4e33509a8ef038403539b86e52e4659daee24e647db6d2cf8bdb6c936fb65838b56c6f625d330bbb67de48c3920ce8ecb6737a0e5b3da55a877d0b23b7d02e5b6db6db84df92bf01f4884cefd0b7a05963edd423d994b028f984de1b0443b44f8475b71c5b78b8bb5f0c32107df6c0e364795fc478bf826de51fb446f178cdcdc47047123bd102ad3593470bb31c130a090c025ea0c6b67e1db4f7eaf682c8ddeb92476b3d4df531f6bcafcd7f57e03f403a6c3bd05945a6f7bee474794460e63c6c20e21d2526c4880098696b18473b8ed6cf39427553e2f41dc5d91bea07a030b025ce9e7fa5f0bb3afe6bfa87f02cb3e806d96596444b964a9da4798671da061335935cb03da6f3b0f138aec44011cbb6c8e279b25bda3765ef1c398ec49e6e77bd89081d8b4300f361541586a5c65c50103a8def625c23c7114e1d3cfe86596745cb6db6df4f85d9d7f35fd5f80fa39ea04cf40d18cbc864af61f13235cbde090f88ef0f17623cb6317874765a7bf567c47bf12f439789bd9b7e467c445f0b24b6e51179cdcee265d32c29c91f0736bd9867723165f6419d4cc0f371e474f3f467ab6df533d1e11dbafe4a5fc0876f2f4e6c1d372db61debe3d51dee26416e4aafde345d93dfa3e17125b9686e24a72db488e6132ef9c02c08ced726eebbec0b651e61cee00c0880b71c9c4a2cbb398959585f171ba79fea017e4a1fc08bcbd230f16756f53da5bd0d1bc65d9a072d4b86f89a32d921ce835b209ba32619f104e3c470e619bb73ef764460390880404c39c4cb2de86ccf324e45c8d179db1564db80e32ecb73f048273d200b12ddcb719ccb4575ce5c477a2c8ed6419d32cb3d20db2cb2cf4836ce85f92bf0113e92133bdb3e86cf69bc6f8b1e073dee48226e06bde024ed1e27e168f1d0ca717b48f0e2ecc68388f84bed1ce9e4ef0fbc07993240ca2eb727bddb2b7263da3a712270bf8bc390f611b3cfbae19cf41b93cf9c5978186b88672fef08ccdb47196411dbe933e819d5b69ef17e4afc05e3f5fb921418944db93b1e21064447631e3703fb5c08f307041d07218b98dcd3295399b5c8f05a6b3ca2183889e9c61c8b18657a6ed40db330b6520ce2d0e225b07883a1fa879df92bf0126c991cc0b120ea1b0ce98b162549031be2d4667c5be713f1726162dc827874766f39708730f16ba076db6ec96b02f31640c1bcda208c7918fd99cef01c32b8e2047521d4e24ad4750498bc64b85cf48e46b7004b8d3cc3c590596db6db216fa26d9ebdb6db2cb2cc023fcafeafc0744ef031d1ed23ed63ed07463ed6755dd70102134de36d0be6e29efe208f685e247dba14c91ef2e3d28036e5da3b751b654d43e498798f3b967dc805df115e0fe119ffc25b9136c4ecfe60cedfe654c35fbc6cbb7291a19c4be52af7b7ee94cb4cef02cb3930756f5cb20f1c58fb74d3ded3dedb6df4659675db494bf35fd5f84fae1826e4a9df322ef48646982cce804481b642c72db2c33811a9a9e2511e239d04d626b089618122ea6ddd6d130489613322d6733a1f1d3b1773ea3c7eb3b23bdf92fea3fc0fa9b72b06fc7ef3aa9c86c0e74278923609ca8b911be5b886e21b40831cdc05c52190f68c5ef17cc72716f9852d2386c15e591c82bcdac22d3da1cf880f6b34dcbda4b0f8b884dcb323a1db6c7586d96419ea4db1e8db6de8b96f44db26cc9e7dd7f57e03d396596596593301d89b89fbc684c36dd97c1731c741e9627a1f264c09f1262da6e533bc0769e68e4db277b179609e4be07f37847f337b8fe603c7f997ffb5ffa45ff00d34037880e4164bcc09c07f7b8839b9ec618d19823c769ed08bccd786731c77bda756db6db6db6fd1cb7ab6db7afe6bfabf09f50fcda9d8486d51c01332798c3764f32589e81825c2cc2c45a0b83a7ecca847cc8f69f303629198e6f316a9c19cc47229f31b8856098a82399b3a90d6e4883aa704f26a87c09b6c8fd0ecf7e97e623fc0ebf767c1cc6dcc3f30fd98cfb235cc833271d887847112af95ca8f2cd1ed07981b112798eb894c372794377911c6a67472621cc20074f424d933b5ca630ec576b1d060a706243b2e6c341c08035259c25db09ae2ebbfabb8560df372411094ac2e0e2fe4bb2a0c65dec5ab56ad5ab56ad5ae8b21de8b2d5970b7a2cb5d036cebf98bf01d3ce4cd732c00bdf798cb47d9bdb7f9b7b80fde3ff00ee88f3fcd33bb7ef1ffd7b5614f79339cde2ece4b9fb5c2ec17d93c3b5c8f122778367a0591c6d4e6e139b9ce6799080f6483602f82191e6387245e617b168f6940033eec0ecb653bdb7967b95905c9c126f66f20b387cac076407b3f9bdd3f68910c2f3c44b6fd3f18f43612d3ded3def0b1e85b6337e625fc08799f20cbbf3f1c4e95cc870bcda8ec260870ad4c71efee445b07370e8ed3a0d470b76ca0cbca3af62c5590b90b7b8a5cc3a757293a06db37c16dd301e4b13b6cf7b264b47109e241ed62e0bd95f1493820bc6cd288317d6d96f4db65f4976436ef56fc943f81227dbcca2d8ff0033c43cdc338b83b90a125252c87b23c710f8c8e43923c744c78b78b2793d1a1e81d106f62e425e66b830d6207339d5649e24d8726219987bdb3dec3ef1f68d8f88bda1f048ef717687da15ed0bed1d8fd1e7a48ed03aedbb7e4afc2409a1c7988d8df0c6ed13da6323decb29193a1aacfb926674f210e2e08f37037c7263c59bda3147a07a63d10160cfa5c9600d87ed23ed0f7992f1e8efc5f05f648b3e13ed23e3238e207b45b09b08471e7a07e23c84b4bfa821e3d227bcbf95176503fab2fb5d1be5e7a33725c262d98e596cdb03611d4bb11edd2e0b92e064872843cd97411d1bb89f2ec589725cf210decdcb246ce99b67477ac741b6461c263c2e62c095376b7f5bd93dec3f73fab9683e7f6b5f4e4f68e3b08e8de84f05dadfc409cef8823b6510e93d48e5c11c4ad10de56ef9b9bcda9708856939609936dc4874e9f0caad8e3a19df297a0e5a5c5a10927478821c83dec3e642f1607160b22837f4a13c7ad93121a1f2fea1a7661e646be6c7a4e5dadbe2e3f162eeb04327841ced174ea7783bda412d0e2f7486e1ed0c7a2c67799bb88bde5c20ecda41c8bdc6087726e0ee40f99f958f7213312fbafbe7e71f29f974b4f95a1dee7ef63d900dd9323990155e07e94f33e8d3ded3ded3ded3de4697e53fab8ff69ef415b2f40e4de0b5ce2c4593a7943c4b2e6b8a1cc1874e0b5276dc162c73a9c58e5a05c4b90b90b7ad0cf4adcfa84c10999313375b4710e2c6d488328edfa27ea7717f73fa900b0376dce86cb3155c2e45d8061b664d6cd63182758e4dce8ded06f4e9da2ec76b1977b41ef1f69bb61971963845a72469dc829d05b297d15f8bef271e4bf6c0643cc0766d0ef6b375b82edc49ee31ef74079617c59c778e0b6db6dfaf9f4fb8bfb9fd5ce17dfa392de27a05c5213119f7bd825d187360dddc5f05c8711ed633a48e9ce7b47da148c76875e2f6b619de128f0de721f3271ef3872db1de3e577799bc3def92e5ef7df6bd9b5ef2fbde26de299bdd7f16fdc60fb5dcb2dfe0b0ed02e7cc369ef6febbb8bfb1fd476232585e3a138b25f6c8b27c745871696397438211cbbe71889a33e3a30c506adc7897b0ef03b2c21c5838ed908c079843bd97993ef63dee2ef6b7cf29ecca78db8299c32c44442581dba8e5b6c3be96db6db6ef53f4bd9bf29fd59c126c8b639927c47c3f68ee4644ce3a9ca7ac7632c87620823a1ea8623d70601dadb74827179b97ca5c3dc93b527f68397693ebbd8de587139679fbc7f010f0171eec67bdbc6c8cb6c933a0ec751cb7a2e5bd77aefd06de8db6db6db1d7b37e53fab384cf9e9b2cf32d0efed0724b2ccef423ed1e610e63a4788bce217c17d9058091ef0f9b23c912c71e20b71255c4e7b329c59fbc61bc3e6e611fbdeebf94038ff29ee61fbcc3c097ef78ff00958cd3fcc0bcff0025807e7841fcd7184fde50c48db1ee4a3d9e874db61e9bfa03d5f51d7b37e53fa8ece87d0e68d8e7ed701f6e970db92e4fa91821ac7a019d19c56171b61da7311c92bc4e1cc84c96ae9ee8d35924f7c8396c3e65bdd85204c467898dd830db8500b185608de31b63c7acfd23ea3af66fca7f56b0bbf7925ea1b6a3ed67ae4ea5e6cb30f12bdfa6021d85ad8c7a779803a29be248e6601f784f79d0c9c769f5b2e32a42ec5c196fb5adac41fb12924890ecb7725c42869fbda8e045f93cc1de2ca690e9be8dfabb6db6c7a32cb2ce875dc12fe47f5670592741d3ba52cf31e0c5c80ec35605c9892089c2c64e1be233c45d8df2749577675e0637dc8f84678803881b936600ec9b61dae0db1d21cfa4f403b47296c0e1b2f167cc5cfcc8601fbb12cfe4b8eb786d3dee3f463e89d5ecbf21fd47626d420cd9ef774784e806f9b09c7579459876ec87370e8b89ef4aac27a440ce86189568756cde1369e91b07538475193e2634612590331e24276fd08c7d6f0bf21fd40c20c91d53ca20611e63bda820d08d4e3a25cc0bf75be1330e6e24e26c92758a7425c119a8d31f168736076384f64d826e7612c73130973a1725d85230f4e5ddb6513b320180ccb39d9f17393e9d877e9ecb6c4fa76db7a792ef5eefeaec2cb3a1849010ed964432472a78b2a0b03b750dbe298f10a7797a735858f8df0c54c26f826e4e237784b5747674f7dbe843982024f6f40c7dacf8823a6a76949a7131ddc4b18727de25fb237837a69ef69ef6f56db6dbf41e825bf47c97e623c166747ac165904349f74105819276e8630ef1e2c9e2163bd0e2820ce9c16659ab68b57476bd7c823d0f583a1d4e9e1d0aadf19339bc4b8fac3a8f3d7cfaee5be9f25f98b8094dbd3496c8e834cb623e10d3811e4d27c6fbcb0c398f13075b60b0b110e5b6cc598f0b51b9158e3f79e74abbba9ddb83019d01d137a87a1d320b21c956d8fb9e1b3175c4bc79760de838b6db7d1b0efa36d61b6c8e2db56a39b6db6d8784dcfe51d8eb93c4b672f2b2497138dbb83607c1f784f47c58fb30bd98a77246778e60ce8176eab907bd90ec43e4d9dbb23dfa19ef7cd2d6ceaf31ef1702cf89725bbd03ed6596c753d269c8645c5363e39678607b9689f451d74b4f7b4f7b7ae963dce873da1f469ef6f0b080f3a9c5c5977944f6924921dec937a05a376348ed08609d749b2c824b3a76f439b22fc49b3d13f4bc2ecf40418c76f46419ea3a12024e5180224b80065f62f8b01dccfb3be3c0f62f6c4fba49764be62f96ee4ef5b17b49799f8a6331237dd2f747413ffd2b7ffd2507fda078ff0037c48e7e39f79862a8d907912e3696ce8fdcb16c7da4f89e365bd0325df6937da79f0ddd77884b7fbbbae1fb30f8cfdece857dad61bee5a7be7467bdc5e631805e3f31e90fcdcddaf86d7b92f63fcca7b4bda37dcbf66cdf8b324f6b56fda4f8b0de5c84ff00f885f6bf17f16fc5b7f16fdadfb5bf6b0f79e3b736fc407bdc76e245aa04913e5bcdccbe65f36e3e27ef07ff0069f73fcca79ff325ff00d4fb87f33e04fe6cff00fd5f6163e3f75af6aa3ffa4af6fcb69f115f19398263e597fd0533ff00fd4b91adfbcfbf9ff8caf997039c61b86c3fdf10cd039fef891af3e3ff000e8787ee76658ca87de515a65e1bc7d60e088e97328429c1e7fbf6b3ee5f66ff0097f8aff91feeff00a8f18ffbf6bfc6ff00cbfcb7fc81dbfcdf17fa6ff92ffebfc45feeb1ff00c99b8dfe7da71a3edff9caaff97f6bfc17fae858a44628c319bfc8a13eff0035ff002dff00efd17a6a87439519227dba53c1e829205144f6f552a6eddbaf69e0eb32043a6aaa1e011ffd6ff97facff009d0c2bcb45ea352224c09803e31fe7daff007bff002ff09ff23cfbedff0095e57f9be2dfbffabe2e4e2fbffe11e5ff0037c5fe3bfe4edc3febdaff0067ff002ff77ff2d7de6ff7daff0017ff002ff09ff27fdd9fc47f81feaff1bff24c7edbff008e3b101e787f9cfd03f4de8feb1e87ff0081ffd9);
INSERT INTO `usuario` (`run`, `dv`, `nombre`, `appaterno`, `apmaterno`, `user`, `contrasena`, `id_tipo`, `perfil`) VALUES
(22222222, '2', 'JUAN', 'BARRERA', 'LABRA', 'ju.barrera', '22222222', 3, 0xffd8ffe000104a46494600010100000100010000ffdb0043000302020302020303030304030304050805050404050a070706080c0a0c0c0b0a0b0b0d0e12100d0e110e0b0b1016101113141515150c0f171816141812141514ffdb00430103040405040509050509140d0b0d1414141414141414141414141414141414141414141414141414141414141414141414141414141414141414141414141414ffc000110800c800c803011100021101031101ffc4001d000002020301010100000000000000000005060407020308010900ffc40041100001030303010603070106050403000001020304000511061221310713224151611471910823324281a1b115245262c1d1e116334372a21782f0f125b2d2ffc4001b01000203010101000000000000000000000304010205000607ffc40026110002020203000202030101010000000000010211032104123113410522143251612352ffda000c03010002110311003f00e8398dee0dfcabc7b3d7200b9deb924a52f16d20e319a0bd0444f8b01457cb84d759017b6dbf64bdfbd471e46ae910c644240707ca985e02338e91df74e6ae4309348c1e7ad41504bac25dba2f290401d0d5689b12bb56018b5b41bf08279c71e69a1cb4ceb00f67fa767dc98b9a5a8ae92fb21b6d4a4e12b39ce028f15786394968ab924476edf1745dcda9132eac194d78bb8630a29241f0a959c03feb4ce3e3bbb60de426dc75369a89a4dabf26c7f1570de1721c94a252839276e7c86d1c0e3db34ffc69780dc995cc5edede65ab94c75c4b911e712e32d47578129500081ffb7031ec3d2ad453b87e1fda323c78b19e6d6cbcc25412ec09e94b8e25408fbd6d440c707a0cf4aba8d82730bc3fb514e7b5342288cdde2c297825e44b6c294d254ac039c704127153d68ab93fa3a56d771d2729b92a8d190d36e24b5263c7e0a467ae3cc54348b76950220596c0e4e90bb64d71ef8956d432fb836b6b1e43fde95cb85644310cae3e92ae9a79e10920b094e5216da92a042875c835973e34e0ee86e3c884becd8fcb339c8914e72c7273e98e2a62ce6364f6f65aa137e88e69a484dfd8d11c612d81d00a610b4898c91ba8a80c8de3958aba044499ccd6479819aa49ec247fa9eacf8cd50ba5a390eef3110990eb8b4b6809fc4b3802b1d9bc9595d6a1d722ca82fb31d573f161698ea076fbd2ee4986506c9569ed3db9d15a7196c35b87e174e149f98f2a8b2ff1b19b4a6b7175bba22ad382e700a7a7ad1612b60e71a4598d0cad5ea053228cf62785e3562584db4fe2f95495204386e4dbc2db693b96ac002ad15d9d221b495b113b795c2d1b694cfbd486d4d319518719c05e73071c79019f3347fe3b6f62ef32ad1cdccfdaa6f0cabe1d994a6edf198ef92d23a23f314a07ae0f535a0a292a00e57b21c6ed79bd6ec8499ca8aebb254ebecbcca54da89053e2f41b7cf356ea4264efebf71b6e9616f7de79cb2c965c4349538145c2721002bf32010319e466ac5bb22957ef6d8b17f4d60292f25e5236e30739ce3eb9abc61f62ee478ab47f55912655ca5b919880804b69385bab510303e86ad5453d2c3b7dd7659a2b61698318b814a65ac9ef129391927a9dd5593088b6ec1dab22d7a7dcb87df372a2171c5ba97082a1b55c11f981cd07d0a893d9df6c72efb7b871a121414dba890b7103950dc003f5511f4f4a8a39bfa2fab2769cf6ad4de20c48a86675b1e52cc4ef771ca377e123fbdb48f638eb9ae2bff58d16eed0b4d6a361174ef9b832dc6959438af139b7a240e9b8d2d2c2a4ed078cdc550eb16f703515be049b74944a8eb4a7c483ca4fa11e4686e2d322c706ce36fcaae09921af3ab819121b3958ab5826888f9cdc53ec9aa3f4247fa9ea8e147ceaad9738abb469ccdbb4ec871f60c9692d0cb406771cf02b1a6e8dec7e94346d51f1f136c26116f965596a433e2ca81fc38f5a4249dd8e459a74bdd2e56f4bce36c265acb9dcbebddff514ae0af3d0e4d47608589d8c6a276f3a85257b5c6f180a09c61591c7d29ac285f23d51d1ec0c29c3ed4ffa24cc2312978f9d75156156482859e800c9abc55b20a17b4cedca1da1fbf408325484c75b60486ce14a5a7950f973ff008fbd6863c742b92472d76b1dad4cd7f718a1129d7984b4a61e693d5c5952883ee3053f4a752a146c87a53b36b74db1392a7df171a625b52d7150d829dbc6d4857af5cd432511eeb7fb66985066d8cb91c1e4a89c95f1ff00dfd6ac9156c5bba6ae95778c8642cb28424a90849c718e7f5e86a681b9599d9642ed57189789612b79a53492856395848f191e7f3f5a227a211bd32d6ecf79c46f5b4e28007a9e8793fad51962547bc39367b31ca886100b6123fbc7f37ca8520a868937171ab447b621c0b5495e5c5eec0d99e7f8a1a7b2f458ba123a85b5d87665b31ae9c37e13b029a578b6851fcc1407d7dab9c89486becee448ec9aebb8c90eff006548ef46407410560f3e7b8807fed34272d96a146f1db0bb316982c2931e1fc62a46d42072bdc7827ae00e9574c8fb2cafb3d769f32d5dab46b5495910a7cc4328001dae254851ddf3ca53f55544968bfd1dee0615f214102496aac059b53c289a9280e932d2cce24851e3c86682dec3463a349b9004ed69c51f9543613a9c9da9ede2e311d63382b6f6eec6769f5acbc8ad1b3074ce5536db6dad17c4c19ae3cd477c14b8bfbb0dad208ca7cc92a1f4a5fcd0d44f74947b86a0b62a2c28ca7e43eaf897f2e6c5bdb7f12c1f407f8a14a8322d7fb3f3498d7d103b8427bb1dfef695b80c9e84faff00a51f13ff0005f2aa5b3a49a3ff00378e94ea123f431974e6ac8ab2acfb4676aaf767ba53e0ed4f21377b8abba033cb683c671ee4e29ac30bd8294a8e15d46e5c9f90f3f24c84891c152c1095a87e220f98cf9d68455094ed82212dbb2c544f64ef90a56c6f77527dbe5cd1401b67dee79b73250b5289ca000781ebf3aa592ad83930e6cc08ef96a5afae55c81ec2aca69165866c95174ecade1dd8a2df209c7ad52596283c78f23f4db2cb5cc2fb815dda708427d700547ccbe8b7f1e48fdf0f26134eac29696d5d559c7caa7e44c1cb135b27d8da71d88cc8592979b385123f10cf142948bc31d849f7d6f48c7386ba1fdeabd90478d8f3a667298505adc28184950cfe2c038cfd6a8d90a14386b4d70cc8d38c16d3990a4bc3728f2840e47ef9c7ceba2ad90f45316c98577681b415251ca947f31ce49a63a81dd972763d7676fdad12fb6ea12b83312f4652c60f4dbb47ff003ccd0e4a83a567d41b5c9332db19e572a5b49513ea714100d504d81c5590091b9b00935704d839280a94ea8f91229718bd232da026a0ba672cc86b7480073c0ace6acd828aed9ec565d262dab6a0290ccb9aa1293180c942b254af7c139a5722a1bc7b15ed2e396bb94380861d4ad0e264c69d838281f8d038e84107eb486490d55972f628853d77bb1521010ca9a6db2903f0e09fe55fc53dc4771b14cee8b9928c25c27d6b484857d7baf21767ba7245d2514829c2100f9a8f4ab423d98393a387b596b45eaed5a2f57074c88bdefde6e384a3a81f4c8571e95a98a29684a522b6b95e66cf42d898ea5450490a4f448c9fe78a65200e560884837296da32a11d9e847e53e66a24e9154ac68b45b93759e86909eeda40da91e83fd4d2339d1a5c7c4a4d22ddb368c8c22272c827dc564cb3b523d0c30c52f02bff000a32ca4a7b94918aa3ccdfa1d614477747c67903720023a607142599a647c31600baf67ccba36b7c03e58e28d0cf24fd032e2260ff00f819c6a3a9083c939f9d17e7d80fe27d2223da5de6960211cac8ca8f90abace527c67146d687c3baa6c024238e9d68ea698bfc0d102fcfa9e6c84a4a8ad181e7478ca98b4f1317186de8ca1ff4bd544734ca9d8b3c4d165f60efa46beb5474b894f7afa5a07cb728e3711ed9cd0a72fa2568fac76f8e987099613ca5b40403f218a10acbd09343c3fbd5d0bb36b7f85556b06fd2031cadd3ee6801cc8272315c4ad1cc2519927da91368ad35c2e63f7f1f051d0f165b71b529c5253dd95639015d78cf4acdcf77a1cc4d50226c8b921bb5a51698e59845c5a93de025cde9082303d80c5232c72632a4870ec2e03d123dc3bf8ca8ca2ea480a39dc0200ce7f4ad3e2c5c614c4f3bb65b3ff4d7f3a7d3133947ed873e449bb586d085111cb4a7d6807a9ce053d812f4064f0e67d50e06f4c30c20f856a24a475c671cd3d1f44262ac0b63cf0412494abd28b7a06a2d8ed6eb74662286d0032411b89f33ef4bc9d8cc63415d10d7ff0090dd818ce79f219acfcd691adc554cbaed6e2571c293e7c560cbd3d0c09a46e2a3d0e2a9614d5bc6d39c1aeb39222be52b1c0c11564cb510a4a709f08a2f63a8d48690e754e7cb9ab5956afd23af4f34b5101b1b88c9c0a22934065041eb56816bbf8cb5b08748015b4f99f4a3a9b1694225a567ec2ec7aa582ddc22370bbc413b52800934c2cac52704ce71b4f67f76d21dba46d3ac3252eb33d0943c9e014958208ffda734ca95eccbc91eacfac36f438dc3690e9cb812028fbd4a33e5ff00026d708a20b3f4cd3c36aa87e15fb20c6e5a51f5a1063d5b81a694b3f979350c939a3003aa38a40da17750de2d96053126e584a1d743293b3712a34395174d9bb4eeb0d3f7fbb376e8893f16b694f250e33b7290704d44699ced0f2c446d95a3bb6d281e612314cc63481b766f58fb951a9a2ace39fb515ed1ff00a8796c25d721c5692013c0512a3f5e94fe1551179bfa289bb5bddb831162b480a716b20ed19e0abfde9a4e855ab248b2b56b01e50ca002368f97fad55b6ce4a88fdc19ed37b0f841f191e605502a411d3b23e09295e3939c9c79f90a5336d1a385d169e949256ca4289cedcd626454cdac2db43038f84a4edcd0286ec1c5e5b4b381bab8ba330eadd5023007a5404466f3252de0f5a2a3a8d6cc73e1511e1cd4d951df475811727b73ab4a77f038a245d81996237d9ac831c4884fb321232023f0ab20f3474bfc1494b7b09da6f2edba437067b45b740da0383071ed56f0ab49f845b95be0d9fb4ed3fa91e652e953ed32e288c91e2c057e815fb53589d99bca8feba3ac9b036f1fa5348c364c6ce115742efd3351c4757c8d7328bd2131c31430df646babddd5ae52bcc32b3ff89a865e2b6739839715e9489b028f68569374d372b084afb8c3db55e601e7f5a1645ab2f1f405d95c5651ace265a4890986e8ddf9929ca7f9343c3e859785e007de247b53e851e8f5d388ca38cd45153837b6b745c7b47bc380f79ba48401d7c291834fe3751a179fa2bdbd1f06d3ce3d8438d1c8c7af18c512c1a462dbc991091b919c2f9cfa66bacea22ef621c77c246d0be463df9a14ac34550324cc4a1c623c53c81951f2ce697979b0d17bd1686922b6a3365672a3c1359135b37f0dd58c8dba0939f2f5a034367e494b8af1f03caa09ba26c6889383e955a08a44d430da940280fd6ac4b648536ca9053c7038c54fd107eb4dd95117841c7a7b5426d112565b3d9c6b3dcf3b1e43a3bb715bb2af23e7ff00cf7a6f1c853243ed1605edd8afc005d8adcb4ee012a4e158f7f5fa515bd0b515c6ad79b9b7ad24c32b284397b8ede147cb70247d051b07a2dc9fe8760a0638a7d1e6d92b03655c03317ced8aaf95565e1d1db06226252c636ab1ec2856315b066a3b823fa2ca4e4b4548d814e700678eb4393d06847650c93b94a3f334b9a16685464cd624b2ea77216ded23d41a971ff494c05d94d9adf1d7729b11c7243865391fbd77a8424f091ec2a2314bc2d2916601f7a3d9345f0018bc0fc32b9a9471f3ff0059c90ff681797400b434f3e523d5454403fa536bc012b035d6504c55bca4654fad4500797b9aeb7655201ccbbb5194d349501b80dc3d2aeac86c0371bd2a64844742bcfa0abd1c9dba1eb4768b494a24c95a4151dc429559b9a4ee91b183147d6580d3f6e80d6c4c96c91e4939c7e8293706d9a7de31fb226a1d5b6fd2b3a65bae2b5b3708aadaec7dbe249f43e5565c4cb2f10bcb9b8e0aec40b876daebce96edd03728670b74ff0090a697e3da5726212fc8f675144e89adeff2213731ebc3101a5a9491ddc704718c8c9f3e455bf8b8e2557324fd6108bacf50a505d8977837548ffa6f341b27d794d0df1e0fe86e3c997fa11b4f6ab1a6cb3166a0db2704f2d3caf0abdd2af3a5e7c595fe83b8b9707a968616758da5a8dbd5728c9708e8a7403fbd0bf8d3ff00061e6c7fe9be26be440743edc9416baee4281152b0cd7d15f960d5d8d7a77ed2163b7bfdcc99e5c03f2a02978fa0a6e3c79b13c99a1f4c72b5f697a23596add2c58bd350cb5746a53bf1a853294ed4abf32801d76f9d331c4e067e6c8a7068edc8afb729a6dd65c43cd2c652e21414950f504519230a5ff09df96ac00d533fe41a1b2d1d334368c3281540b7b15bb4e506746dc14718da9fd940ff00950a6b41f13fd8a3d8737209e9e1a121f3d8abca64faed18fad5ce30d11636ec8d4b6da77bc6df92b7c67aa4a8f23eb55258dc55f7aa3e82ba8a98bc7fb3e2bae8ea38b3566876b4eeb5d44f5c1c004890a2c36afee92579fdead3cf4a91a9c4e22cbfb4bc12752691379691f0afae3389fc38fc247ca871e457a399b838e4b5a2b1bee95ba69b529e9412a2920059e41ad2c59a33679fe4e058951ab4fae5ea1be3715b4b280a206e4b43701eb9a3659a8c6c53063739a45c11bb3a4b6ca7bd90f2c631c2b03f6ac49f22cf491e34522645d171e2052997dd49e0f0b3d474343599d90f04442ed3add3e74cb95ee6bfdfcc90b2e3cea8e54b3c735a7c7cee4e9997cae34542e3f456aa7531228507d2dad6372b3c9f6a7a526cca8a5146869a53d1563e25d587065b2a2700e7923d684f44f5727a0a5a6cd3d9752e4599bfcf14094d1a18b14920e6a4b14999a6a6c97c14bf1521e6964f3d4050fa1fdaad8e69ba3b2e3975b094bd0716e1a1a35e825e58ee92ea944f40473fcd51e7a9750cb8ff00f9f62b587de879f69b92e218e78dc79f415a2abadb321ca4a54984212eeb1949537843648ced3d684e48246333a3beca2ec895da55be25c63b33e0be1624b12529536b6b69dd90ae3d29694a86d41d6cb1758769d78fb33de215d343ea76ae76178a45c2c2e385e662b8ae9807f0a5441c63a63dead89f75b019b0eacee1ec43b4f1db1f66166d5a212addf1e95e5851c8050b28241f304a4e2ad2466d6e8779870d01ee282cb47d30278155b2e2176cb23b9d1afa73cad5b7ff001550727f51ac2b765311d7f70ae7ca82874ce1af89583d3144fa38dba1212605b43095adc01e715b9672492a26aa731ab38717e98a9b22cf2478594e3ceaace472e76db0d52fb4398dad27c49425bc7fda9e7f9a4f23d9eb7834b0a05dc60b09b621a2a6db535c85a8e3ca96bd85988faeec49d49a6e40428079afc2ac67069cc33eaccbe4e25923b11bb2bd30ec0bb87df4e564e01c795379b3768d08f1b074959743eeed6800ac62b21b766c75a172ed71790d9297519c7870939ae8b0535a2a5d5d326dccb85f2b524a484f1c0e2b578de99d953945a00bba39f910189905e4a0b8c61584856e0a4e0ff26b42597afa67ae276da0be2342d310ed861ef531f89d58e4927271e940791b1886058d6ccac31190a5290483bb8cd2f390d4505351485ccb7dc1820a488a88cd27c8bceb89c7fe295d1313ebfb1396371a2fad01d99c6d5ba7d9b1c97d50e318ddd028f23b703359eb276c9d98cfc750a394b5f680bc765bab2e362b8b4a0fc69250548192e338050e27d940fd73e95e96338ca28f319314a13740fb63129cb4bf316f283885e10d2bf38f3cd0a5a7a0d04fd675b7d8d748d9f575af57cebbc254d9306d80c66b91b56a52824e47539038a4323a745e527aa197b64ec91f9f6e569d66d68b7c8bbdd6db01ada00528adc49c9f3e372c9f615385b4e89c925283677f582c5074bd9205a2d91d116df0994c76196c612942460533276cc5ad1266289d83de84d96898a95950aa9748ac7b7795dc69e8e9fefb9d3d7948ff003a5f33a88de1f4a7912086cf3d45478346f84f111e739b4a8a48f08ea7d855bd3821d9fcc72e1658921c6d4ca9d495ec5754f88f06a28e1a13f8dc39e95c4519be3c08c8ae38a47b77b3a23ea7b45cf61daec752091d3724f1fb2bf6a4b32b67a4fc7cee0e253084ff005a9aa4be496c1248ff002a57c1f68d8ab7169b97c14b0a49001f6a241ec5b22a40bb0c66db2db808dc79c03d2999ab1785261f796140253c8f5a55a1c05c982b5a944009ff00163268655c2c5bb8e9b70256a420ba850e42b9a62191c5da012c1ad095a7d02cf35eb2ce1dcac294b8aa5701c41e768f715a0e5dd5a1351e8fab0e7fc2e679f08c027ad01e4a0ff1a61bb4e878b05016bc640dca2ae00aaf77227a461b34d86c8ceabd5265309cda21b9de0708e1f780da08ff000a4671ee4d1253eb0a2b187795bf0bb34dddd5659ac3ece3c04640f31d2904e98eb8da16bed63633a9ded35a8db8fcaa32a13cb40e55b4ee4fd015569e19b68cbcb876529a7ad96a65edd2995b89041090320fce892c9202b19d53f67c69bd3964bf3f6d52419e1bc3283c236951008f2ea29772727b03931a5b2daecced6f7685daea2e4fad32ed3a514b70c94e76bf70751b42413d7ba6cab3fe258f4a760baab32f33d75474ae790335610354956568150cb4518a8f8aa0b94f7da065621db9aff1157f1fff00349e67a1cc28a914e7840cf1915cc393ed6bfecf333cfde814489c36581a43784a46d4a46302a5b382a8194ba7153441b5e00edf3a867083db9dac48d1d1e66df1439095138fcaaf09fe694cba46a7032759f539a6236ab14d7e5383bd86b39ca7a8fd290bb3d03d9311756ae51961a295a02949491e63af3f5abc74c5e7b456cc5ddf83732c8e1a428a127d3939a79ed199d9c643ddb1ef898e873d694968d184bb208a53938fde814308c8c1ef127038f7aba2e2eea1d1f02f6c96e5b695ede52470a41f507ca8f09b8829e28cd6c5e6acd77b592dc4bbf7b1c02312d9438523d95d6985283f50abc4d78cd26cef5e763770bbbf29a272a69b01b6cfcc0eb52e714b44fc37eb1fad11598511a8d17ee1b000000a4a52b7b0d18755430c65336a4052c779939564d52cb8527de4ea8d3b26032e21b5b389118ba9dc96dd4f29c8f3079047a134d6193b01923645b2e8dd3fa8d71644cb2488d248dce9b6b4990c2cf5ca55bd279f429e3d4d68feb25e99f2ef17a88e36fd3cfbfabad966b1b732c916e6e08d26e5210843884609fba6c1578b8c0528f19e9438c6298ae573f8db92a3af344e8fb5e85d3f12cb678c23418c300672a5a8f2a5a8f55289c924d329d98126dfa3011950c55a811a25387be6d28495afaed1d686fda2ca92b6447a6a5b7561615949c1c0e01f9d065351f4246a5e152f6c56c7b53cd8e88afc76fe1d00b8879cdaa1f88e718ff10a5724bb0ee254548e3c3623cbc428c5ec23685954192af5785589639580f8d59f4a92030cff00cb57cea6ca1b1c037233504a346aab1a351e9b9d6d564f7cd909c7928723f7aa4e3d9507c33e99133915f65515d7e32d3c0594a92a1d08e3159138f5747ab8bb560d7186e31cb684b68ce4848c55a0f6564846bcc243b70978cb67f1022b453d19535fb0c1a65e57f4e485af2a048cd027b6338e5483ad4901c4e4e074f9d01a1d4ec2cc3c858daa236d50bd83b50dc61446f7778377a0aed91656771bebb77905a6141b601ebfdea7231a5b149644e54831619f1ede409a8f06329501512886534bd1a15abed4f299425cd9fdd046282e0cb7c91ff438a9116e109c750ea496c03b49ea338aaa8ef64583ff00adc0b65b5c51929689042b279e94dc2140a4d200f677afa558d2d8ef5496d40050cf43eb5d2b5e168b4d17f7679ad05f35ee9a6f3bd465208c7c8e68907b421cc8ff00e4ceca655cd3c8f29224a4f8c035704d1c937dfb45cad3fda46adb5ae6062eca52a1458cf0384ab76d4241e89041041f7ac3e4fcdf2dc1d1a90c50962568633da576a1a9f4b4c6a069536766d70da5be67b650ec8773f78940f3c004fbfeb5d38e7c98ea4cae3c78613525bb2beeca7b516752ea6fe9776bf0ba489016592e321b28284eedb9f31b42baf4dbef42c4e5552346508af004eeb08be019293b8706b43b2fa16eac6cd2f2d32ac9de850216ee7f9a226518ff00a7fc6167fc35745428d9c364fb8ae6419bee80f22a0e27372024a79e6a0939f7ed19a723e985c5d450505289b292c49647e10b570958f4c9eb409e35246c71b96e2ba48a9654bf8add1cb7ddb89c8c8e869258da669bc884d92e97a63c4003194907a93e54daf0cd93b678a9df01150a6d45273e2f7351d6ce52a27db6f81fc03d4f99aa388e42764aba6a1f808f9de3007273d284a3b0d2c8a3b655da8754cabb3ea445561a3d544f97b53d8f12f59959b94dbeb124db82d961195020f403ad5e481426c213673acc7478b7a891e13d6ba28bcb23a156f9a81519ac9de5f6c90803c8d1e304293c925e1eda7b45bb711c0490a185124d73c31f4bc79934a99b65dd9e94a2b96e92a50fbb403e11ef56e892d11fc96dec2d62ba8719c671ef4a4e34cd2c395495a3a77ec61657b53f6966e0e952e259a3a9ec91c778af0a07d0aaa608479b9ae3d51de51d58279a65182c940e4d5db062b5d3b3bd3375bf7f5797628122e6082652d8495ab1d327cf1c6334196c245b4a8d1aee6b8d5a1319a510f4c792d020f38eaa3f4143978338bd38167e975e97fb434e86849610ccb3232818185249563d120ee1f2a4a5491a71764bbac02b8e4e48cfe61d47bd2d0957a11a0ef671a91c8365fe9b35412fb6f94827f30f235a70926b42938d32f7d27203f0d4bf6a2010e3472d0f755736702f525f18b2a9b53c14778e36d0a72ea5e31ec2f3bafc3a76b0503fee552cf320bf195ff6ab719ba834f6c7f6961b79b701073d15e957592cbc63b45397391f0ef38e20648354b35df82b2f11a63ee28e55c3983efc628b1137a3f4842654718c2bbb4e73fe2f4ab323d0030fae2c9532b277ab9207415ce992a540bd63727ffa786d1909de029556c69581cd36d50bd690eada095a09c9e14781f5a664d2148c6f6c74b759a738cee4472b4a360252b1c6ee869573487a31415734ddc5b2e77b6e71d0c0cad4950200ae59107518bf40f7dd39b2424ccb6bb15d5202d29520f89246411f3146593fc25e3c6c5d9f6b8cd214f069c692949caf0463d69952b17c98b1d685c917252dedad283a8ced0a3e5e95732e6a98c5a592ee24ad485048560714b4fd1ac127147d2dfb1e7676ee88eca5ab8cd6c373ef6b12ca48c292d630807f4e7f5a9ad09e69f79ba2f765d00f5e6bac5aac96db9d6a6ca3460b77c6a3d2a1929087a8a6899aa63b20e5109bde4796f57fb52d263705a39a7b4282ddcbb5255df6f8a5b2f300a7c8367255f4ff00f6a4277668e3a6848b4a913a0b4144a811e7d41f434196987215f6cef20a5719652e3677a47bfa51b0ceb4c1ca368b7fb1fd5c9b9e9e792fab63ecabbb5a55d41f4ad38c931192a2cb8ee8532dfb9c8abd1415fb45405dbdc7d270b6120824e3af5a5336a21f1fa54aabf2be1132484f7278cad23d71598c712216a6b9095662cada430e152482951ca867d28b8d964b656d7a2161d48e370c0c7af953068b8fea0797193320b0e823727297127ae2ae989cd590e320975a63054179570792455ac0a045fa37c1dc83a82549000503e5565b292d03ef0a8b36d3250b052b002863a9c11445a651bb2669b86c2ed0c256da4850f16ef3aa4a56c6b141505d9b1bac2f74194e3295292a280ae323a7e954ab1d58a2c3c2f1a823aa4ad129a29740dc85b20a463d2a3aa39e18fd02efbae2ecebad3ab89196e211dde3048f4c8e7dba55e10d89cb1497857dabb545e6e705bb7391e3c764a5692e348c28852c9c7e99c7ca9d8452d8bfc52fb02b5664fc232c240482b4851c7d6a27276067045cfd8e767ef6b8d7b65b0c0405a1d7d05ec8e3ba1cac93f2aac76c1649284747d4c5c566df163446121b6586d2db691d0240c0fe2af233226a41c1268765e8f533129dd950a8b26ac8172bfb10623f21c58d8da49f9fb54391651d9585def2bb5d8a7dcdef04c94a2427cc28f091fa0a037634915a6a988cc5b14378ac7f504b321653e610a08c1fd70aa5a7a18c5e947d9de720bebcac969490a39e3e669796f6348736426546008ca80ebd723d683744b308ca9511e7c42010e3d8539838181e7fa0ad0e34dce4a285725256303bda7dd21baca62adb530c8036b89ceff727debd2478fad9952c94c38bd6d0b5adb65b4b49664164ee6147a903aa4d67f2b038c46b164b65216d98f49b4cc8c56a488ea0a4f19cf3583d7e99a48cef77cf8e6a1a8e125276b89f4a24550c423f62fcd577ce38d9e33ca48ab76d8f2f00e5d5427c1202995785683d42bd68a84b22a2082a6a41484e16aca9b50f4ab217ba646d40b4cb84a04656819245123e94cb2d0a36f65531d7182a2ac2f6647a628b2542f0d8dcd2db8b1a33084803012af5f407f6a5dad8fc254a89292ea9c425973bb74f2907a1152835bfa20ce76e301c525c591904e126891a609ca49819c992d4ef8944e4704d1ed23be49207cd1266f0101453d3d4d122ed03736c2d69b4ad711e5f77b92da77af3e82a1ab6064ceebfb0d7652ab1e9f95aca7a07c45c87750d253f81a079503fe23fc5152a464e695ba3a1b56decda9d65286c38b7010013d297cb3ea462876145cd5d3c13b82129fee81493cdfe0e7c48c11a8dc295ad4523cc9cf4ab293647440588a9576515497098885ef19e3791e7f2155b6750a97598ad61a8d31e312bb6443cb83a2d7e756ba2c06d76b6ee73dd6a2a5250d42763eff22b1d47e9de2697c8ec3e3d147dc5b4a9c71b40da9478463e54319448d2f724376d0d4a905a2d2545b75670063aa55ed8a1f5ece912dd2d9527687db74e4dd4b76695f0d11af0f84789d3e64fb7b57a0e260589767e99d9b2292a41eecfbb588daa8221cddb1ee4071ce12efcbdfdab6632b3264a87d53bdd2c2904a543d3c8d12505354ca29b8bd00e739220b2ff00c2f087000b007381581cae138fed03738fc952d485613b738f1cf1b9239f5ac97168d88d7d0490c77b1c67255d41a130e00baa14e12958d8e670a1ea3d68b0760328bc2f6a8af3b064a778e8cb9d09cf9538919d27b329d212964e4a70b04f5f3ab5009315a2dc576fbbaa4293bd2300ede38f7a355a011938b190e52a1212aef3bdcabc27f08a04a23319fd876dff007f6f6df24f7a9191edeb40a763d0968d31ee499e8d8fa3c47aaa8a95129a7e9eb36c893ae0da14a2519e42783f2ab590da181cd2514978c54ad5dd8c8dc3838ebcd1220d8eba63b3d93aaaf362d370da0d1b927bb75d4a7c486c9cac91ec39cd1d08e59d1f452c7668ba72cf0ad905b0d4386ca586903a04a460510cbbb113b4590e2ae9f75cada48da3df8acfe4bd0ff1d6844b66aa8b3ae2f46efd2ebeca8a5e6d072a460e0e47ceb263929ec79c34147ae10108512b0ada724632479f4ad18b4d0b354577aa7b43917d7d768b7a916c869c09321f56d74a7d027c8558ea35deb5bc1d13a71b87694997759082961a6fc4523cdc57a7b554805de261b5da2d325643894af6bcc246560ad272ac8ea72052f30f1393b55fda3ad16c98e3764b72ee78e3e2e628b693cf54a074fd49adc8fe353fecccdc9f91a7faa2bad4ddbe5d2f76b7e23511882a795e379ac9563d067a51f17e3e18e5d853273e735484862f8ab8ab63c4073d7fbd4dca15e01867727b27332dc8ef25d6d652b41ca540e0835441dbb2edecd7b644ceeeadd7c584bbf85a964fe2f40aff005a7232b04d16cbad9d815805279cfad5e93393a15eff00a7cc8429c8586e4e42b69e02ff00deb3b93c45915c4d1c1cb9434fc32b73e5d6425492dbe9e1483e55e572c1c1d33d2e3c8b246d10efb0449694f23fe6279e2871745a6ad09979808980ac821c47278f3f5a7e12d519b38fd8b779b8888e808e709da6998aec2737409f8f69e63777894859c655475162b264ab6de1c6deee02d21b2768567838cfd2a6504429b435c1b8a986da6fbcf03a0a723f29f3fe297711b8e4a25990c21a510e02ea7f20f2f7aaa41e3306c7be38c3adb89fc655c13e4454f53be4a1db4e6a975f2ca549539bd646d49e7a7247ed568a25ced1dd5f667d0ad26c71b574c8bdd4e94cf751811f85acf8940796ee3e94c24656595ca8bd1671fad4804553acde5bb7a90949c10a201f9567723699a7835473e68fbc7f44d79796a5a8a972df5b436608dfbce39f4e6b019a6384dbeb726ef32d3dc16e70daf21c29c7dded4f19f5c835a38a7fad0ace3f6029adb0a5ad6f30871c3c152b19a3d94a196cba46dcf5a52ebd05a92b5a78528615ff00d55d228c89a87b378ee69fbb1829911e6984ff00729dfb93de04128f978923eb55946cb267ca09872be0e457b23c75909ce49e38ab1c68ef0b6a0a04f0723150ceba0cc3bb25e4242ced73f9a5e511c865bd308a1e295052558f4aaa19b2dcecc3b645db43769bdad4ec1e12d48ce54d7b1f54ff001455221977a9089086df69c4bad280525c41c8503e868b1765183a7450e12e27c0f0f3f23f3acee4f19665ff004778dc99617ff018a7ca5c5058e31823debcce5c0f0ba67a6c59a3955a034c87bcad6800faf1d6aaa474d589d7fb03731b7148464f98f7a6e197ab11c90b422dc34c390829480adbf87693926b4619632119626448e879878f7c929c28615f9466acda62ee2d077bf5b884ad2e9746dea38e73e95d455b68f517479a5152f7a0118f7c577c69ec247234869d35a62ffac1d658b2d9a65cde57847c330a58ce33cab181c7bd4f52cf26ad9d4ff67cfb196a0ba5ce15d75ab66d76b043c6ddbbef9cff000ab1f841c73515b073cbad1ddcdc46a1b2cb0cb696996c0421b40c04803800540b5d9eb9d40f7a8659151de7fb4dd5c59e4170e7eb59d9dd23531239dad0d332b5c05b681b9c94a28f995715914681b758325fed523c5321c4852d9696b4ab040383d7f5a241510fc06ebfbbcf6753c88f152ca4378c8747073d0e051bb0351b2ced0939c7b4d4054b750970828ca780a20f954fcdd7d2ae037c7b82987001212e6c500a6547191e95df2a657aff0087c5e75e393cd7bba3c59a3bfc9c1fad49c60a4e7cf2055595663f84d41289912e4a653b54729f7aa4a21e393fd0a36f071216956e1ed40958da9268b2fb35ed765e907442979996c511f76a3cb7ee9ff4a98c9a24bf61dee0ea580255b9f43cc90338ea0fa11474ecabd106ecca1a8ea75676a93d3dfda92e6638cf1b6c778b96519a48181490aeec6493cf35e4daa3d5a568fceda5b59c848e478b35360a5106cbb034eac929191d062ad19b405c10bd79b30663b8d2230567a71d4d318e7b179e2d685c1a666455a4ef084119da2b45644d09bc322fcfb2d7d9f2dfda37688845e587275a58654fc9495109231809e3d49fda8b176072c3e3567d21d2da42d3a4ed8cc0b3dbd8b7c464610d308091fef57f44e520eb2c61ccfb55ba8394f47e7127bd49f2aa347264292ad8147d013429078fa527aee73b69b3cc90c24a9e085148033924e001ef93591c992f0d7c48ab3b3fd2d2a34a66f1706bbb58054d47570b0ae46540fedf3a4070566614dd67da03f3d94a9b86d4a4a95271c2423000f9e054267047b4bb485df94fc619331adb91d527a7fa51084c6fb4414d86cb62b6ba33ddb1b94eacf9e4023f5c9fa509b3b4315a23b2f224f7880e02b1859eb80062abda8868f8dce8c7cebe9478323a959c9ae38c50b27355f4e322771a823c3050c1a9f4eb37c796a8cbe0e41f2f2aa4a361632ea1a8f244b00a7f5a0b8d0d46698d5a6755dc74c494c886f2907cc79287a11e75552a0cd16637dabc2bdc765997fd9e4150df8394e3ae7dba50790e53c6d20b812534d8e319e62421a7d8712eb6790b49c8af3128b4e99ebe124d689e6480900f1ef54a2cd59ada71a78f519f5ae2946c99090db056707152aef451ad0af16309b73009f09553f1d2177e9da3f625bdc0f8cd53624309139a43320bfe651d0a3f43cd68628dc6cc6e5cff007475dc187b93b8f4a731c3ed9939325689c9610074a63aa15eed9065c7d8ee474c52d921433095a005d9ceea33eaf46d5fc52593c3431ab282ed354fab4a4c96c3c597a3843a83e594ad24579fe4a7766de215ec1abe56a9b2bae8680908cb4e271d14470452a98cd103406a48376b722dedc531a432de161a1c9c0c6ef7cd1611d839f82ddf1db85c2fa975960ae135c2095805407424530d02522cc8af2ef4d4442e3a7b86d2852967939c7229392a0a999438171865d9129d4ed2b27623a6de00aa512cf8f6ea70ac57d2cf06437063cf8a8650d415835538c8af9a964b67a0e53ed50498920fe95c759b62ca723af72158cf06baacb2935e07616a56c808753dd91e63a1a59e3698d2cd7e9bd94a5f948547505242b71733c91e95cf48b4256cb37b32bbbad5ecdbb79530fa14ada4f095246722b1b938d5763d0f132fed45a0e384bc84e723a1ac737092e3296d1b9079ab2d9560fb95c54d33dca56a538ae828b1493b06cd6d298d356f7ae12d60f7692ac7f95378ff00f495217c8d422db2cafb1176cb64d3dda5cb977c9660479d19c6d6eb9ca52b241483ed5bd1c74a8f2b97239bec7d37d397a81a82d2c4eb64b6a6c374781e68e5268d18d233a6ed852880c8934e01f952b906712133533db2d5355d30d902b3321af8d6ca07b557b66879e90bdaa3b138cf51b87fa56367a66be211fb2452e2da2eeb1978a1695a938e9e138e7f4a4686ac5fec8a4bed6a69127bbc466d9eecba3f295118c8fd0d12377a0727a1f7b869125d058490927a11cf34c4b4802635d9dbda1d424709da06071d292eb26fc0bd925e9267c82ce119465631959e1269cc7c1e4657fac414b3e38facf8c4a5859e6bddd9e2c8ee8cfd6a365488460e0d4b38f09a84719255c60541c7a0e7a8a9a471fb20795493678a1e5eb5c759f90b5c720a1447c8d51c516527f45d1d812d176937079d257298094a0e390920e6b0ff0020fa45247a1fc6fecf65c3218030b070b1d45602767a846aef9cdde7803cbcea13a3bd3266038f3fdf389c27cb347ec55a2b1ed93568538c59d87070438eed3e9d13fe7fa56df071d5cd9e73f21c8dfc710468dbe770e3284b49491c647535b17462c5d9f537ec0b789f77ecf6ee6428988ccb4b4d0273e2d80ab1f5152982cabfc3a90f4a97e0b8325a94b2bc838149e44d8ee3a426eabe2d1233d14427f7ace9d9a98e8a23b43d3170d591e1b10585262b920076438a084252303209ebd4f03348ff00172e697ea87ff918f1adb18e2f6422c5617e0db6636cf7c820ab6ee2a529382a3cd370fc4646ff00662eff002105e10749f62f61d23064ca937095296fb65b50561094a7af979fbd6963fc4e3c6edbb159f3dcbc05cf166b22989686d422ad61b42a40c9273c7ce9f5c3c3ff00c89be4e47f61eb938bb9464a60a1b42dc4e4292768cfe94c430638bd4413cf37f603b4d82e96cba21fba4f8af282096e381b4a9471c9c9e4019fd69cb480f66cffd9);

--
-- Índices para tablas volcadas
--

--
-- Indices de la tabla `asignatura`
--
ALTER TABLE `asignatura`
  ADD PRIMARY KEY (`id_asig`),
  ADD KEY `run` (`run`);

--
-- Indices de la tabla `asistencia`
--
ALTER TABLE `asistencia`
  ADD PRIMARY KEY (`id_asis`),
  ADD KEY `run` (`run`),
  ADD KEY `id_jornada` (`id_jornada`),
  ADD KEY `id_seccion` (`id_seccion`);

--
-- Indices de la tabla `auth_group`
--
ALTER TABLE `auth_group`
  ADD PRIMARY KEY (`id`),
  ADD UNIQUE KEY `name` (`name`);

--
-- Indices de la tabla `auth_group_permissions`
--
ALTER TABLE `auth_group_permissions`
  ADD PRIMARY KEY (`id`),
  ADD UNIQUE KEY `auth_group_permissions_group_id_permission_id_0cd325b0_uniq` (`group_id`,`permission_id`),
  ADD KEY `auth_group_permissio_permission_id_84c5c92e_fk_auth_perm` (`permission_id`);

--
-- Indices de la tabla `auth_permission`
--
ALTER TABLE `auth_permission`
  ADD PRIMARY KEY (`id`),
  ADD UNIQUE KEY `auth_permission_content_type_id_codename_01ab375a_uniq` (`content_type_id`,`codename`);

--
-- Indices de la tabla `auth_user`
--
ALTER TABLE `auth_user`
  ADD PRIMARY KEY (`id`),
  ADD UNIQUE KEY `username` (`username`);

--
-- Indices de la tabla `auth_user_groups`
--
ALTER TABLE `auth_user_groups`
  ADD PRIMARY KEY (`id`),
  ADD UNIQUE KEY `auth_user_groups_user_id_group_id_94350c0c_uniq` (`user_id`,`group_id`),
  ADD KEY `auth_user_groups_group_id_97559544_fk_auth_group_id` (`group_id`);

--
-- Indices de la tabla `auth_user_user_permissions`
--
ALTER TABLE `auth_user_user_permissions`
  ADD PRIMARY KEY (`id`),
  ADD UNIQUE KEY `auth_user_user_permissions_user_id_permission_id_14a6b632_uniq` (`user_id`,`permission_id`),
  ADD KEY `auth_user_user_permi_permission_id_1fbb5f2c_fk_auth_perm` (`permission_id`);

--
-- Indices de la tabla `django_admin_log`
--
ALTER TABLE `django_admin_log`
  ADD PRIMARY KEY (`id`),
  ADD KEY `django_admin_log_content_type_id_c4bce8eb_fk_django_co` (`content_type_id`),
  ADD KEY `django_admin_log_user_id_c564eba6_fk_auth_user_id` (`user_id`);

--
-- Indices de la tabla `django_content_type`
--
ALTER TABLE `django_content_type`
  ADD PRIMARY KEY (`id`),
  ADD UNIQUE KEY `django_content_type_app_label_model_76bd3d3b_uniq` (`app_label`,`model`);

--
-- Indices de la tabla `django_migrations`
--
ALTER TABLE `django_migrations`
  ADD PRIMARY KEY (`id`);

--
-- Indices de la tabla `django_session`
--
ALTER TABLE `django_session`
  ADD PRIMARY KEY (`session_key`),
  ADD KEY `django_session_expire_date_a5c62663` (`expire_date`);

--
-- Indices de la tabla `jornada`
--
ALTER TABLE `jornada`
  ADD PRIMARY KEY (`id_jornada`),
  ADD KEY `id_asig` (`id_asig`);

--
-- Indices de la tabla `secciones`
--
ALTER TABLE `secciones`
  ADD PRIMARY KEY (`id_seccion`),
  ADD KEY `id_jornada` (`id_jornada`);

--
-- Indices de la tabla `tipo_user`
--
ALTER TABLE `tipo_user`
  ADD PRIMARY KEY (`id_tipo`);

--
-- Indices de la tabla `usuario`
--
ALTER TABLE `usuario`
  ADD PRIMARY KEY (`run`),
  ADD KEY `id_tipo` (`id_tipo`);

--
-- AUTO_INCREMENT de las tablas volcadas
--

--
-- AUTO_INCREMENT de la tabla `asignatura`
--
ALTER TABLE `asignatura`
  MODIFY `id_asig` int(11) NOT NULL AUTO_INCREMENT, AUTO_INCREMENT=6;

--
-- AUTO_INCREMENT de la tabla `asistencia`
--
ALTER TABLE `asistencia`
  MODIFY `id_asis` int(11) NOT NULL AUTO_INCREMENT, AUTO_INCREMENT=18;

--
-- AUTO_INCREMENT de la tabla `auth_group`
--
ALTER TABLE `auth_group`
  MODIFY `id` int(11) NOT NULL AUTO_INCREMENT;

--
-- AUTO_INCREMENT de la tabla `auth_group_permissions`
--
ALTER TABLE `auth_group_permissions`
  MODIFY `id` bigint(20) NOT NULL AUTO_INCREMENT;

--
-- AUTO_INCREMENT de la tabla `auth_permission`
--
ALTER TABLE `auth_permission`
  MODIFY `id` int(11) NOT NULL AUTO_INCREMENT, AUTO_INCREMENT=45;

--
-- AUTO_INCREMENT de la tabla `auth_user`
--
ALTER TABLE `auth_user`
  MODIFY `id` int(11) NOT NULL AUTO_INCREMENT;

--
-- AUTO_INCREMENT de la tabla `auth_user_groups`
--
ALTER TABLE `auth_user_groups`
  MODIFY `id` bigint(20) NOT NULL AUTO_INCREMENT;

--
-- AUTO_INCREMENT de la tabla `auth_user_user_permissions`
--
ALTER TABLE `auth_user_user_permissions`
  MODIFY `id` bigint(20) NOT NULL AUTO_INCREMENT;

--
-- AUTO_INCREMENT de la tabla `django_admin_log`
--
ALTER TABLE `django_admin_log`
  MODIFY `id` int(11) NOT NULL AUTO_INCREMENT;

--
-- AUTO_INCREMENT de la tabla `django_content_type`
--
ALTER TABLE `django_content_type`
  MODIFY `id` int(11) NOT NULL AUTO_INCREMENT, AUTO_INCREMENT=12;

--
-- AUTO_INCREMENT de la tabla `django_migrations`
--
ALTER TABLE `django_migrations`
  MODIFY `id` bigint(20) NOT NULL AUTO_INCREMENT, AUTO_INCREMENT=20;

--
-- AUTO_INCREMENT de la tabla `jornada`
--
ALTER TABLE `jornada`
  MODIFY `id_jornada` int(11) NOT NULL AUTO_INCREMENT, AUTO_INCREMENT=9;

--
-- AUTO_INCREMENT de la tabla `secciones`
--
ALTER TABLE `secciones`
  MODIFY `id_seccion` int(11) NOT NULL AUTO_INCREMENT, AUTO_INCREMENT=54;

--
-- AUTO_INCREMENT de la tabla `tipo_user`
--
ALTER TABLE `tipo_user`
  MODIFY `id_tipo` int(11) NOT NULL AUTO_INCREMENT, AUTO_INCREMENT=4;

--
-- Restricciones para tablas volcadas
--

--
-- Filtros para la tabla `auth_group_permissions`
--
ALTER TABLE `auth_group_permissions`
  ADD CONSTRAINT `auth_group_permissio_permission_id_84c5c92e_fk_auth_perm` FOREIGN KEY (`permission_id`) REFERENCES `auth_permission` (`id`),
  ADD CONSTRAINT `auth_group_permissions_group_id_b120cbf9_fk_auth_group_id` FOREIGN KEY (`group_id`) REFERENCES `auth_group` (`id`);

--
-- Filtros para la tabla `auth_permission`
--
ALTER TABLE `auth_permission`
  ADD CONSTRAINT `auth_permission_content_type_id_2f476e4b_fk_django_co` FOREIGN KEY (`content_type_id`) REFERENCES `django_content_type` (`id`);

--
-- Filtros para la tabla `auth_user_groups`
--
ALTER TABLE `auth_user_groups`
  ADD CONSTRAINT `auth_user_groups_group_id_97559544_fk_auth_group_id` FOREIGN KEY (`group_id`) REFERENCES `auth_group` (`id`),
  ADD CONSTRAINT `auth_user_groups_user_id_6a12ed8b_fk_auth_user_id` FOREIGN KEY (`user_id`) REFERENCES `auth_user` (`id`);

--
-- Filtros para la tabla `auth_user_user_permissions`
--
ALTER TABLE `auth_user_user_permissions`
  ADD CONSTRAINT `auth_user_user_permi_permission_id_1fbb5f2c_fk_auth_perm` FOREIGN KEY (`permission_id`) REFERENCES `auth_permission` (`id`),
  ADD CONSTRAINT `auth_user_user_permissions_user_id_a95ead1b_fk_auth_user_id` FOREIGN KEY (`user_id`) REFERENCES `auth_user` (`id`);

--
-- Filtros para la tabla `django_admin_log`
--
ALTER TABLE `django_admin_log`
  ADD CONSTRAINT `django_admin_log_content_type_id_c4bce8eb_fk_django_co` FOREIGN KEY (`content_type_id`) REFERENCES `django_content_type` (`id`),
  ADD CONSTRAINT `django_admin_log_user_id_c564eba6_fk_auth_user_id` FOREIGN KEY (`user_id`) REFERENCES `auth_user` (`id`);
COMMIT;

/*!40101 SET CHARACTER_SET_CLIENT=@OLD_CHARACTER_SET_CLIENT */;
/*!40101 SET CHARACTER_SET_RESULTS=@OLD_CHARACTER_SET_RESULTS */;
/*!40101 SET COLLATION_CONNECTION=@OLD_COLLATION_CONNECTION */;
